1,Mike Trout,LAA,OF,44,46,1.1,26,545,164,0.301,37,118,95,23,137,0.421,0.58,316,1.001,45.78
2,Trea Turner,WAS,SS,40,43,4.9,24,606,176,0.29,21,105,71,50,132,0.347,0.474,287,0.821,0
3,Jose Altuve,HOU,2B,42,44,2.1,27,595,188,0.316,21,103,97,27,87,0.38,0.496,295,0.876,35.74
4,Mookie Betts,BOS,OF,39,42,-,25,623,189,0.303,27,122,90,23,86,0.376,0.512,319,0.888,36.97
5,Nolan Arenado,COL,3B,40,41,5.3,26,598,184,0.308,39,107,125,2,115,0.371,0.589,352,0.96,0
6,Giancarlo Stanton,NYY,OF,40,40,-,28,544,146,0.268,55,111,124,2,179,0.366,0.625,340,0.991,36.68
7,Clayton Kershaw,LA,S,33,35,7.6,29,191,17,0,0,21,217,31,2.36,0.93,0,,,
8,Francisco Lindor,CLE,SS,34,38,-,24,631,187,0.296,28,109,86,20,95,0.359,0.502,317,0.861,31.44
9,Manny Machado,BAL,3B,37,38,-,25,622,184,0.296,38,101,105,7,122,0.351,0.545,339,0.896,29.04
10,Aaron Judge,NYY,OF,36,39,-,25,547,151,0.276,48,118,106,7,187,0.392,0.594,325,0.986,39.62
11,Charlie Blackmon,COL,OF,35,40,8.1,31,613,188,0.307,29,118,82,16,122,0.372,0.527,323,0.899,0
12,Carlos Correa,HOU,SS,36,36,-,23,564,167,0.296,32,98,116,7,116,0.375,0.534,301,0.909,31.66
13,Max Scherzer,WAS,S,28,30,10.6,33,206.1,18,0,0,21,255,50,3.05,1.05,0,,,
14,Bryce Harper,WAS,OF,36,37,8.6,25,513,152,0.296,37,102,102,9,125,0.407,0.581,298,0.988,0
15,Corey Kluber,CLE,S,31,33,13.9,31,201,17,0,0,20,238,40,2.87,1.03,46.78,,,
16,Chris Sale,BOS,S,29,32,12.8,28,204.2,17,0,0,22,254,41,3.03,1.04,46.87,,,
17,Freddie Freeman,ATL,1B,33,35,22.2,28,555,169,0.305,34,102,102,4,140,0.403,0.564,313,0.967,0
18,Paul Goldschmidt,ARZ,1B,34,35,4.4,30,563,162,0.288,30,103,96,16,159,0.402,0.513,289,0.915,0
19,Gary Sanchez,NYY,"C,DH",32,32,-,25,488,139,0.285,34,82,92,2,122,0.354,0.545,266,0.899,22.14
20,Jose Ramirez,CLE,"2B,3B",28,29,-,25,590,177,0.3,22,93,97,15,79,0.36,0.492,290,0.852,27.14
21,Dee Gordon,SEA,2B,30,30,28.5,29,648,183,0.282,4,95,49,56,108,0.316,0.358,232,0.674,24.42
22,Cody Bellinger,LA,"1B,OF",34,32,23.9,22,549,145,0.264,38,90,106,14,164,0.342,0.534,293,0.876,0
23,Christian Yelich,MLW,OF,28,31,62.5,26,599,181,0.302,25,104,85,12,129,0.382,0.497,298,0.879,0
24,Kris Bryant,CHC,3B,26,30,15.3,26,592,168,0.284,33,113,85,7,151,0.382,0.519,307,0.901,0
25,Alex Bregman,HOU,"3B,SS",25,28,32.4,23,590,169,0.286,22,103,88,15,108,0.355,0.48,283,0.835,26.5
26,Josh Donaldson,TOR,3B,28,30,29.4,32,563,153,0.272,38,105,100,5,146,0.381,0.536,302,0.917,32.77
27,George Springer,HOU,OF,21,27,30.7,28,582,158,0.272,33,114,82,8,148,0.361,0.502,292,0.863,28.47
28,Corey Seager,LA,SS,25,27,38.6,23,585,177,0.303,28,96,86,5,125,0.364,0.516,302,0.88,0
29,Stephen Strasburg,WAS,S,22,24,25.7,29,168.2,15,0,0,17,203,39,2.93,1.06,0,,,
30,Anthony Rizzo,CHC,1B,27,29,25,28,578,161,0.279,31,97,101,8,112,0.382,0.507,293,0.889,0
31,Rhys Hoskins,PHI,"1B,OF",26,28,50.3,24,538,142,0.264,39,96,103,5,142,0.36,0.535,288,0.895,0
32,Noah Syndergaard,NYM,S,22,23,34.1,25,166.1,14,0,0,17,192,34,2.71,1.08,0,,,
33,Joey Votto,CIN,1B,25,27,18.9,34,540,163,0.302,29,97,89,4,125,0.439,0.524,283,0.963,0
34,Trevor Story,COL,SS,27,25,117.9,25,537,147,0.274,31,81,101,10,163,0.34,0.523,281,0.863,0
35,Andrew Benintendi,BOS,OF,23,26,41.8,23,603,171,0.284,21,100,84,16,111,0.357,0.456,275,0.813,26.22
36,Carlos Carrasco,CLE,S,22,24,36,30,189.1,15,0,0,18,217,46,3.23,1.1,34.7,,,
37,Jacob deGrom,NYM,S,20,22,34.8,29,190.2,16,0,0,19,221,48,3.26,1.12,0,,,
38,Jose Abreu,CWS,"1B,DH",26,26,41.9,31,607,175,0.288,33,87,101,1,134,0.349,0.512,311,0.861,23.2
39,Brian Dozier,MIN,2B,21,24,37.9,30,610,152,0.249,31,104,83,15,150,0.333,0.464,283,0.797,24.75
40,Kenley Jansen,LA,R,23,23,36.8,30,65.2,4,42,0,0,98,10,1.92,0.84,0,,,
41,Jean Segura,SEA,SS,23,24,77.5,27,606,175,0.289,13,89,68,26,97,0.333,0.416,252,0.749,20.71
42,Yu Darvish,CHC,S,18,20,51.7,31,185.1,15,0,0,18,223,57,3.35,1.13,0,,,
43,J.D. Martinez,ARZ,OF,25,24,25.2,30,513,145,0.283,33,84,100,3,150,0.358,0.542,278,0.9,0
44,Elvis Andrus,TEX,SS,22,23,58.3,29,598,168,0.281,16,90,76,22,99,0.333,0.43,257,0.763,20.91
45,Madison Bumgarner,SF,S,18,18,26.2,28,204.2,14,0,0,19,202,40,3.43,1.1,0,,,
46,Marcell Ozuna,STL,OF,24,24,47.9,27,576,162,0.281,31,84,105,2,127,0.339,0.5,288,0.839,0
47,Xander Bogaerts,BOS,SS,21,22,85.8,25,579,168,0.29,17,89,81,13,110,0.352,0.447,259,0.799,21.51
48,Eric Hosmer,KC,1B,21,21,71.6,28,588,169,0.287,25,83,87,6,121,0.351,0.469,276,0.82,21.14
49,Justin Verlander,HOU,S,18,19,40,34,207.2,16,0,0,22,217,54,3.64,1.15,30.91,,,
50,Nelson Cruz,SEA,DH,23,22,55.7,37,556,150,0.27,37,85,104,1,156,0.35,0.518,288,0.868,24.13
51,Billy Hamilton,CIN,OF,24,23,60.9,27,550,142,0.258,6,84,38,56,119,0.317,0.347,191,0.664,0
52,Byron Buxton,MIN,OF,24,22,52.5,24,518,137,0.265,21,80,74,28,156,0.328,0.458,237,0.786,22.22
53,Rougned Odor,TEX,2B,24,22,108.3,24,566,153,0.27,30,77,90,12,119,0.313,0.498,282,0.811,17.99
54,Edwin Encarnacion,CLE,"1B,DH",21,22,56.5,35,549,141,0.257,36,88,107,1,141,0.359,0.505,277,0.864,25.96
55,Willson Contreras,CHC,C,26,24,52.9,25,442,121,0.274,23,63,82,4,108,0.351,0.489,216,0.84,0
56,Aaron Nola,PHI,S,16,17,66.8,24,185,14,0,0,18,200,43,3.31,1.15,0,,,
57,Craig Kimbrel,BOS,R,20,20,44.9,29,64.2,3,41,0,0,102,22,2.51,0.96,28.36,,,
58,Robinson Cano,SEA,2B,22,21,83.7,35,609,174,0.286,27,84,96,1,95,0.34,0.476,290,0.816,19.24
59,Luis Severino,NYY,S,17,18,33.2,23,184.2,15,0,0,17,206,52,3.51,1.14,27.59,,,
60,A.J. Pollock,ARZ,OF,20,21,63.3,30,530,149,0.281,18,87,65,23,96,0.348,0.466,247,0.814,0
61,Wil Myers,SD,1B,22,22,69.4,27,541,142,0.262,29,78,89,16,144,0.346,0.486,263,0.832,0
62,Jose Quintana,CHC,S,16,16,74.1,29,196,15,0,0,19,195,47,3.44,1.16,0,,,
63,Justin Upton,LAA,OF,20,21,47.9,30,567,143,0.252,32,87,92,11,180,0.334,0.48,272,0.814,22.79
64,Buster Posey,SF,"C,1B",23,23,59,30,496,146,0.294,14,70,73,3,74,0.371,0.44,218,0.811,0
65,James Paxton,SEA,S,17,17,77.4,29,160.1,13,0,0,16,177,45,3.03,1.14,27.56,,,
66,Ian Desmond,COL,"1B,OF",22,21,113,32,554,155,0.28,20,79,81,18,139,0.334,0.45,249,0.784,0
67,Ryan Braun,MLW,OF,22,20,112,34,474,135,0.285,25,73,80,13,98,0.349,0.502,238,0.851,0
68,Justin Turner,LA,3B,22,21,83.8,33,507,152,0.3,24,82,82,5,78,0.374,0.505,256,0.879,0
69,Gregory Polanco,PIT,OF,22,21,158.9,26,561,158,0.282,22,77,82,16,103,0.34,0.465,261,0.805,0
70,Starling Marte,PIT,OF,21,21,50.7,29,554,152,0.274,12,81,60,33,125,0.337,0.401,222,0.738,0
71,Roberto Osuna,TOR,R,18,17,78.5,23,65.2,4,36,1,0,82,11,2.74,0.97,23.75,,,
72,Yoenis Cespedes,NYM,OF,19,19,96,32,507,142,0.28,31,79,88,3,114,0.343,0.525,266,0.868,0
73,Joey Gallo,TEX,"1B,3B,OF",19,21,115.4,24,503,112,0.223,40,95,97,6,215,0.342,0.519,261,0.861,25.49
74,Jonathan Schoop,BAL,2B,20,20,63.3,26,595,164,0.276,29,86,91,2,145,0.322,0.481,286,0.803,16.67
75,Edwin Diaz,SEA,R,17,16,89.6,23,67,4,36,1,0,98,25,2.82,1.1,22.05,,,
76,Manuel Margot,SD,OF,21,22,146.7,23,597,168,0.281,16,89,59,28,105,0.333,0.434,259,0.767,0
77,Kyle Hendricks,CHC,S,15,14,117.6,28,194.1,14,0,0,19,170,46,3.52,1.15,0,,,
78,J.T. Realmuto,MIA,C,20,20,102.5,26,501,141,0.281,16,68,60,7,98,0.336,0.447,224,0.783,0
79,Ozzie Albies,ATL,2B,21,20,139.2,21,570,158,0.277,13,80,64,27,104,0.332,0.421,240,0.753,0
80,Anthony Rendon,WAS,3B,21,20,58.1,27,522,153,0.293,20,85,87,6,85,0.377,0.481,251,0.858,0
81,Andrew McCutchen,SF,OF,18,20,85.8,31,552,152,0.275,25,83,80,10,124,0.363,0.475,262,0.838,0
82,Chris Archer,TB,S,13,15,52.2,29,184.1,13,0,0,18,207,54,3.52,1.19,25.15,,,
83,Miguel Sano,MIN,"3B,DH",21,20,103.2,24,514,136,0.265,36,82,94,1,190,0.356,0.531,273,0.887,23.23
84,Raisel Iglesias,CIN,R,17,16,102.2,28,68.1,5,34,1,0,86,22,2.63,1.08,0,,,
85,Robbie Ray,ARZ,S,9,14,47.6,26,181.1,13,0,0,17,223,65,3.62,1.2,0,,,
86,Ender Inciarte,ATL,OF,16,20,119.9,27,632,186,0.294,9,97,59,19,80,0.343,0.4,253,0.743,0
87,Nicholas Castellanos,DET,"3B,OF",23,21,102.2,25,600,169,0.282,28,77,98,3,135,0.326,0.5,300,0.826,17.07
88,Dallas Keuchel,HOU,S,17,15,77.9,30,197.1,15,0,0,20,171,48,3.51,1.19,24.94,,,
89,Whit Merrifield,KC,2B,21,20,72.7,29,600,162,0.27,16,83,66,26,108,0.317,0.422,253,0.739,17.92
90,Ken Giles,HOU,R,17,15,97.3,27,64.2,3,37,1,0,91,21,2.64,1.1,22.49,,,
91,Daniel Murphy,WAS,2B,17,16,68.7,32,515,153,0.297,18,77,80,2,68,0.346,0.48,247,0.826,0
92,Zack Godley,ARZ,S,12,13,131,27,171.1,13,0,0,16,185,56,3.36,1.2,0,,,
93,Carlos Martinez,STL,S,12,13,53.4,26,192.1,15,0,0,18,189,63,3.46,1.24,0,,,
94,Yasiel Puig,LA,OF,19,18,111.7,27,520,142,0.273,26,76,82,12,114,0.341,0.487,253,0.828,0
95,Javier Baez,CHC,"2B,SS",20,18,101.4,25,526,139,0.264,28,72,83,12,153,0.304,0.481,253,0.785,0
96,Felipe Rivero,PIT,R,18,17,89.5,26,68,5,35,1,0,88,21,2.51,1.09,0,,,
97,Tommy Pham,STL,OF,17,18,59,29,500,129,0.258,23,83,64,24,143,0.354,0.46,230,0.814,0
98,Zack Greinke,ARZ,S,12,13,47,34,197.2,14,0,0,20,186,43,3.69,1.17,0,,,
99,Miguel Cabrera,DET,1B,19,18,94.5,34,556,162,0.291,29,75,88,0,129,0.374,0.496,276,0.87,22.84
100,Eddie Rosario,MIN,OF,20,18,119,26,549,154,0.281,24,73,88,9,117,0.322,0.475,261,0.797,15.98
101,Alex Wood,LA,S,13,13,108.9,27,167.2,13,0,0,15,165,49,3.27,1.19,0,,,
102,Corey Knebel,MLW,R,14,14,62,26,67,3,38,1,0,94,26,3.09,1.15,0,,,
103,Ronald Acuna,ATL,OF,18,16,125,20,513,139,0.271,17,69,70,23,130,0.322,0.444,228,0.766,0
104,Aroldis Chapman,NYY,R,14,14,65.2,29,59.1,3,33,1,0,85,25,2.73,1.13,18.71,,,
105,Jon Lester,CHC,S,11,13,119.6,34,189.2,14,0,0,17,191,53,3.61,1.2,0,,,
106,Lorenzo Cain,MLW,OF,16,17,94.4,31,546,154,0.282,16,84,62,19,114,0.341,0.432,236,0.773,0
107,Masahiro Tanaka,NYY,S,13,14,102.9,29,180,14,0,0,16,182,36,3.8,1.13,22.71,,,
108,Brad Hand,SD,R,15,14,114.4,27,67,3,36,2,0,81,21,2.96,1.13,0,,,
109,Eduardo Nunez,BOS,"2B,3B,OF",22,18,130.1,30,506,147,0.291,15,69,68,23,73,0.328,0.445,225,0.773,16.97
110,Khris Davis,OAK,"OF,DH",16,17,69.8,30,544,130,0.239,38,84,96,3,183,0.322,0.5,272,0.822,19.64
111,Austin Barnes,LA,"C,2B",14,14,183.7,28,340,96,0.282,11,55,49,7,61,0.379,0.453,154,0.832,0
112,Travis Shaw,MLW,3B,19,17,94.6,27,531,138,0.26,29,77,95,5,139,0.333,0.48,255,0.813,0
113,Mark Melancon,SF,R,15,13,177.4,32,63.1,3,37,1,0,58,12,2.98,1.06,0,,,
114,Lance McCullers,HOU,S,11,13,150.9,24,148,11,0,0,13,170,52,3.22,1.19,20.5,,,
115,Alex Colome,TB,R,15,13,120.2,29,64.1,3,37,1,0,65,18,3.08,1.15,18.05,,,
116,Michael Taylor,WAS,OF,19,15,222.1,26,491,125,0.255,25,63,72,22,162,0.313,0.473,232,0.786,0
117,Yoan Moncada,CWS,2B,16,17,132.7,22,555,130,0.234,25,86,68,24,212,0.331,0.443,246,0.774,22.4
118,Nomar Mazara,TEX,OF,17,17,156.9,22,577,157,0.272,28,78,94,2,136,0.338,0.477,275,0.815,18.49
119,Cody Allen,CLE,R,14,13,99.9,29,65,4,34,3,0,85,23,3.18,1.17,17.4,,,
120,Justin Bour,MIA,1B,17,16,199.2,29,522,137,0.263,31,73,97,1,141,0.348,0.496,259,0.844,0
121,DJ LeMahieu,COL,2B,13,17,129.9,29,571,173,0.303,10,94,64,8,93,0.367,0.424,242,0.791,0
122,Marcus Stroman,TOR,S,14,13,126.2,26,200,14,0,0,19,167,49,3.51,1.22,22.16,,,
123,Wade Davis,COL,R,12,10,106.2,32,59.2,4,37,1,0,72,22,3.47,1.24,0,,,
124,Yasmany Tomas,ARZ,OF,15,13,316,27,503,135,0.268,27,70,92,2,143,0.316,0.495,249,0.811,0
125,David Price,BOS,S,11,12,118.4,32,177,13,0,0,16,175,42,3.76,1.18,19.77,,,
126,Randal Grichuk,TOR,OF,14,13,322.1,26,522,131,0.251,32,71,87,5,162,0.303,0.515,269,0.818,13.66
127,Rafael Devers,BOS,3B,15,15,125.3,21,547,147,0.269,27,73,83,5,134,0.318,0.481,263,0.799,14.4
128,Domingo Santana,MLW,OF,12,13,80.1,25,500,127,0.254,25,76,76,10,175,0.348,0.46,230,0.808,0
129,Salvador Perez,KC,C,19,16,97.5,27,502,129,0.257,23,52,70,0,97,0.29,0.446,224,0.736,3.82
130,Brandon Morrow,CHC,R,12,10,204.6,33,49,3,29,1,0,58,11,2.39,1,0,,,
131,Jake Arrieta,CHC,S,11,11,95.8,31,187,13,0,0,18,173,57,3.66,1.2,0,,,
132,Kyle Schwarber,CHC,OF,11,14,178.2,24,503,125,0.249,35,89,70,3,159,0.349,0.507,255,0.856,0
133,Kyle Seager,SEA,3B,15,16,137.7,30,563,150,0.266,27,80,88,3,115,0.345,0.471,265,0.816,19.22
134,Adam Eaton,WAS,OF,10,14,153.4,29,570,161,0.283,11,93,61,13,111,0.356,0.412,235,0.768,0
135,Luis Castillo,CIN,S,8,10,102,25,178,12,0,0,16,185,50,3.64,1.2,0,,,
136,Greg Holland,COL,R,10,9,137.6,32,59,3,35,0,0,73,25,3.36,1.22,0,,,
137,Addison Russell,CHC,SS,15,15,257.5,24,517,138,0.267,23,78,85,4,121,0.33,0.466,241,0.796,0
138,Michael Brantley,CLE,OF,13,12,244.9,30,479,139,0.29,14,69,69,11,64,0.355,0.438,210,0.793,16.31
139,Hanley Ramirez,BOS,"1B,DH",14,14,335.4,34,502,138,0.275,28,72,85,4,111,0.346,0.498,250,0.844,18.56
140,Shohei Ohtani,LAA,S,9,12,73,23,152.2,12,0,0,14,174,60,3.54,1.23,1.75,,,
141,Wilson Ramos,TB,C,17,13,162.1,30,437,112,0.256,23,42,64,0,87,0.294,0.451,197,0.745,3.4
142,Ryan Zimmerman,WAS,1B,14,14,130.8,33,481,132,0.274,27,73,86,1,122,0.34,0.505,243,0.845,0
143,Danny Salazar,CLE,S,7,10,170.3,28,150.2,10,0,0,14,185,52,3.64,1.2,18.21,,,
144,Jeurys Familia,NYM,R,11,9,180.8,28,65.1,3,36,1,0,69,25,3.31,1.26,0,,,
145,Chris Owings,ARZ,"2B,SS,OF",16,14,228.6,26,512,142,0.277,14,65,69,19,103,0.314,0.434,222,0.748,0
146,Mike Moustakas,KC,3B,16,15,117.9,29,552,148,0.268,32,72,86,1,94,0.323,0.498,275,0.821,15.24
147,Rich Hill,LA,S,9,9,122.2,37,127.1,10,0,0,10,148,44,3.39,1.15,0,,,
148,Steven Souza,TB,OF,13,13,184.5,28,518,130,0.251,28,76,70,13,167,0.337,0.469,243,0.806,19.3
149,Jose Peraza,CIN,"2B,SS",17,15,204.7,23,566,159,0.281,7,69,54,30,75,0.32,0.373,211,0.693,0
150,Greg Bird,NYY,1B,12,12,152.5,25,499,128,0.257,28,79,84,1,137,0.344,0.477,238,0.821,17.78
151,Luke Weaver,STL,S,7,9,109.6,24,183.1,13,0,0,16,182,49,3.78,1.24,0,,,
152,Adam Jones,BAL,OF,14,14,146,32,575,157,0.273,26,75,85,2,118,0.313,0.457,263,0.77,12.44
153,Hector Neris,PHI,R,9,8,144.7,28,68.2,4,28,9,0,85,22,3.54,1.19,0,,,
154,Eugenio Suarez,CIN,3B,17,16,192,26,541,141,0.261,25,77,90,6,140,0.345,0.46,249,0.805,0
155,Evan Gattis,HOU,"C,DH",14,11,148.8,31,353,88,0.249,19,47,57,1,84,0.309,0.465,164,0.774,4.7
156,Kenta Maeda,LA,S,8,8,201.7,29,151.1,10,0,3,10,156,39,3.63,1.15,0,,,
157,Chris Taylor,LA,"2B,OF",13,13,91.2,27,527,137,0.26,17,77,60,19,137,0.327,0.427,225,0.754,0
158,Bradley Zimmer,CLE,OF,14,12,202.5,25,478,119,0.249,18,71,61,25,150,0.328,0.427,204,0.755,17.97
159,Jake Lamb,ARZ,3B,14,13,118.5,27,482,125,0.259,25,75,85,4,129,0.353,0.483,233,0.836,0
160,Jon Gray,COL,S,7,8,165.5,26,191.2,14,0,0,16,199,54,3.94,1.24,0,,,
161,Jason Kipnis,CLE,2B,12,13,261.1,30,534,143,0.268,18,78,69,11,116,0.337,0.435,232,0.772,15.99
162,Johnny Cueto,SF,S,8,8,153,32,189,12,0,0,17,169,48,3.76,1.21,0,,,
163,Odubel Herrera,PHI,OF,14,14,213.7,26,570,157,0.275,15,75,67,17,129,0.327,0.421,240,0.748,0
164,Adrian Beltre,TEX,"3B,DH",13,12,159,38,479,132,0.276,21,71,84,1,86,0.345,0.461,221,0.806,14.99
165,Tim Anderson,CWS,SS,17,15,197.4,24,580,154,0.266,16,73,64,22,146,0.297,0.412,239,0.709,11.82
166,Delino DeShields,TEX,OF,9,12,215,25,508,126,0.248,8,90,41,33,142,0.332,0.352,179,0.684,18.62
167,Brad Brach,BAL,R,10,9,221.3,31,66,4,26,9,0,73,24,3.27,1.15,13.13,,,
168,Jeff Samardzija,SF,S,7,8,139.2,33,202.1,11,0,0,16,185,40,3.91,1.19,0,,,
169,Mark Trumbo,BAL,"OF,DH",12,12,251.2,32,547,136,0.249,33,76,85,1,154,0.307,0.477,261,0.784,13.28
170,Justin Smoak,TOR,1B,13,13,150.5,31,551,136,0.247,34,77,91,0,148,0.33,0.488,269,0.818,17.63
171,Garrett Richards,LAA,S,8,8,180.9,29,143.1,11,0,0,13,136,50,3.45,1.22,14.56,,,
172,Mike Zunino,SEA,C,13,12,159.5,26,418,92,0.22,26,52,62,1,159,0.306,0.457,191,0.763,6.97
173,Maikel Franco,PHI,3B,15,12,235.5,25,554,148,0.267,27,69,87,1,108,0.321,0.475,263,0.796,0
174,Trey Mancini,BAL,"1B,OF,DH",12,11,154.7,25,562,147,0.262,27,74,83,2,148,0.314,0.466,262,0.78,12.71
175,Matt Shoemaker,LAA,S,8,7,336.5,31,167,12,0,0,16,153,38,3.88,1.19,16.45,,,
176,Andrew Miller,CLE,R,9,9,208.7,32,61.1,5,8,26,0,89,17,2.05,0.96,13.58,,,
177,Yuli Gurriel,HOU,1B,13,12,209.8,33,545,155,0.284,18,73,80,4,87,0.332,0.45,245,0.782,13.44
178,Orlando Arcia,MLW,SS,16,13,187.4,23,560,150,0.268,16,66,68,19,103,0.313,0.42,235,0.733,0
179,Alex Cobb,TB,S,7,7,224.4,30,181,12,0,0,15,156,48,3.83,1.21,15.8,,,
180,Brett Gardner,NYY,OF,8,11,180.2,34,550,139,0.253,17,95,56,15,125,0.338,0.398,219,0.736,17.89
181,Nate Jones,CWS,R,7,6,403.1,32,57.1,3,25,7,0,68,17,3.14,1.13,12.36,,,
182,Yadier Molina,STL,C,11,10,148.5,35,474,125,0.264,10,54,56,3,75,0.315,0.382,181,0.697,0
183,Didi Gregorius,NYY,SS,14,13,113.5,28,561,152,0.271,21,74,80,4,89,0.313,0.433,243,0.746,11.35
184,Cesar Hernandez,PHI,2B,9,11,257.8,27,556,155,0.279,9,91,48,14,111,0.353,0.39,217,0.743,0
185,Matt Olson,OAK,1B,12,12,125,23,524,124,0.237,34,79,86,3,160,0.329,0.481,252,0.81,18.14
186,Taijuan Walker,ARZ,S,6,7,220.2,25,176,12,0,0,16,166,48,3.89,1.23,0,,,
187,Josh Bell,PIT,1B,12,12,181.9,25,553,149,0.269,22,76,83,4,106,0.344,0.452,250,0.796,0
188,Joe Musgrove,PIT,S,6,6,366.1,25,183.1,12,0,0,0,164,40,3.93,1.22,0,,,
189,Marcus Semien,OAK,SS,12,13,231.6,27,567,145,0.256,19,85,67,13,137,0.325,0.42,238,0.745,15.69
190,Gerrit Cole,HOU,S,7,7,86.1,27,182,13,0,0,16,168,53,3.91,1.26,13.33,,,
191,Arodys Vizcaino,ATL,R,8,7,152.2,27,52.2,3,28,1,0,65,20,3.25,1.22,0,,,
192,Matt Kemp,LA,OF,10,7,307.3,33,487,130,0.267,24,60,78,1,123,0.309,0.474,231,0.783,0
193,Jameson Taillon,PIT,S,5,6,194.9,26,171.1,11,0,0,14,155,45,3.78,1.24,0,,,
194,Dinelson Lamet,SD,S,4,6,213,25,172.2,11,0,0,14,204,72,3.91,1.29,0,,,
195,Blake Treinen,OAK,R,10,9,194.8,29,69.2,4,27,5,0,71,22,3.36,1.19,12.53,,,
196,Chris Davis,BAL,1B,10,11,248.1,31,532,123,0.231,35,83,82,1,212,0.337,0.468,249,0.805,19
197,Jorge Polanco,MIN,SS,12,12,202.2,24,561,149,0.266,14,78,75,11,105,0.329,0.41,230,0.739,14.37
198,Trevor Bauer,CLE,S,4,7,144.5,27,190,13,0,0,16,205,68,4.07,1.29,12.72,,,
199,Avisail Garcia,CWS,OF,12,11,198,26,564,153,0.271,20,72,81,4,139,0.324,0.44,248,0.764,12.6
200,Welington Castillo,CWS,C,11,9,171.7,30,408,102,0.25,18,48,54,1,114,0.309,0.427,174,0.736,4.03
201,Ian Happ,CHC,"2B,OF",11,9,137.1,23,430,109,0.254,22,65,66,9,133,0.329,0.47,202,0.799,0
202,Joc Pederson,LA,OF,10,9,372.3,25,415,102,0.246,27,69,72,7,120,0.36,0.506,210,0.866,0
203,Jose Berrios,MIN,S,7,7,108.7,23,179.1,12,0,0,15,174,53,4.07,1.23,13.4,,,
204,Jonathan Villar,MLW,2B,10,8,184.4,26,404,103,0.255,13,56,46,25,114,0.322,0.413,167,0.735,0
205,Sean Doolittle,WAS,R,7,6,134.5,31,47.2,2,23,4,0,56,9,3.02,1.01,0,,,
206,Charlie Morton,HOU,S,7,7,174.5,34,175.2,12,0,0,14,171,57,3.94,1.26,12.04,,,
207,Aaron Hicks,NYY,OF,10,10,233.5,28,487,120,0.246,21,74,69,13,120,0.339,0.431,210,0.77,17.2
208,Jonathan Lucroy,COL,C,8,8,183.9,31,423,113,0.267,8,54,49,2,74,0.336,0.385,163,0.721,0
209,Archie Bradley,ARZ,R,6,6,190.1,25,70.2,5,13,20,0,86,24,3.06,1.15,0,,,
210,Logan Morrison,TB,1B,11,10,290.9,30,501,128,0.256,26,70,79,3,130,0.337,0.469,235,0.806,15.51
211,Dexter Fowler,STL,OF,7,10,253.1,31,482,128,0.266,17,83,60,10,120,0.358,0.442,213,0.8,0
212,Sonny Gray,NYY,S,6,6,143.8,28,182.1,13,0,0,15,167,58,4.05,1.26,11.46,,,
213,Starlin Castro,MIA,2B,12,11,271.1,27,553,156,0.282,17,67,76,4,111,0.32,0.429,237,0.749,0
214,Kevin Gausman,BAL,S,6,6,204.5,27,188,13,0,0,16,177,48,4.07,1.26,12.54,,,
215,Hunter Renfroe,SD,OF,11,9,297.2,26,533,132,0.248,30,68,82,4,156,0.3,0.475,253,0.775,0
216,Kelvin Herrera,KC,R,8,7,205.3,28,58,4,22,8,0,59,17,3.57,1.24,7.13,,,
217,Shin-Soo Choo,TEX,"OF,DH",7,11,257.7,35,527,134,0.254,20,92,65,8,143,0.36,0.419,221,0.779,20.03
218,Matt Carpenter,STL,1B,8,10,180.1,32,514,130,0.253,24,88,68,3,125,0.367,0.461,237,0.828,0
219,Andrew Heaney,LAA,S,7,6,428.8,26,165.2,11,0,0,14,148,44,4.02,1.21,12.29,,,
220,Fernando Rodney,MIN,R,8,7,238.2,40,60.2,3,26,4,0,65,29,3.86,1.35,6.37,,,
221,Rick Porcello,BOS,S,7,6,238.9,29,205.1,14,0,0,17,176,43,4.25,1.24,12.53,,,
222,Kevin Kiermaier,TB,OF,10,10,157.5,27,520,132,0.254,17,73,53,21,120,0.316,0.417,217,0.733,14
223,Carlos Santana,PHI,1B,10,10,171.7,31,525,125,0.238,28,78,79,4,112,0.36,0.453,238,0.813,0
224,Blake Parker,LAA,R,8,7,215.8,32,65.1,5,17,12,0,80,20,3.17,1.13,10.31,,,
225,Michael Wacha,STL,S,5,5,235.7,26,178,12,0,0,16,165,55,3.89,1.28,0,,,
226,Andrelton Simmons,LAA,SS,12,11,197.9,28,546,149,0.273,11,70,61,16,63,0.323,0.39,213,0.713,12.12
227,Evan Longoria,SF,3B,11,10,198.9,32,566,153,0.27,19,69,83,3,117,0.327,0.438,248,0.765,0
228,Gio Gonzalez,WAS,S,5,5,147.7,32,178.1,12,0,0,16,162,65,3.84,1.3,0,,,
229,Zach Britton,BAL,R,7,6,282.8,30,33.1,2,19,1,0,36,10,2.43,1.14,0,,,
230,Jake Odorizzi,MIN,S,5,5,276.4,27,181.2,12,0,0,14,169,50,4.21,1.24,10.75,,,
231,Kyle Barraclough,MIA,R,3,4,315.8,27,64.2,4,13,14,0,87,35,3.06,1.27,0,,,
232,Michael Conforto,NYM,OF,6,6,182.4,24,364,94,0.258,19,55,60,1,101,0.352,0.475,173,0.827,0
233,Cole Hamels,TEX,S,5,6,235.7,34,197,14,0,0,18,177,63,4.11,1.29,11.08,,,
234,Brad Miller,TB,2B,11,10,456.2,28,500,128,0.256,24,65,74,6,126,0.326,0.466,233,0.792,13.27
235,Max Kepler,MIN,OF,10,10,280.6,25,522,135,0.259,22,72,75,7,116,0.331,0.452,236,0.783,14.75
236,Marwin Gonzalez,HOU,"IF,OF",9,8,114,28,454,119,0.262,19,64,67,7,115,0.331,0.445,202,0.776,12.06
237,Chris Iannetta,COL,C,8,7,283.2,34,320,81,0.253,15,47,46,0,93,0.36,0.453,145,0.813,0
238,Mitch Haniger,SEA,OF,10,9,212.4,27,511,132,0.258,21,71,73,8,124,0.333,0.448,229,0.781,14.75
239,Chad Green,NYY,R,4,4,292.6,26,72.2,5,1,14,0,103,20,2.72,1.05,9.2,,,
240,Ian Kinsler,LAA,2B,6,9,189.2,35,562,139,0.247,17,85,57,13,100,0.312,0.39,219,0.702,12.04
241,Michael Fulmer,DET,S,7,6,191.5,24,178.1,11,0,0,15,154,46,3.94,1.24,12.56,,,
242,Addison Reed,MIN,R,5,4,268,29,71.2,5,13,21,0,74,15,3.39,1.14,7.57,,,
243,Jay Bruce,NYM,OF,11,10,161.8,30,543,129,0.238,30,71,88,3,142,0.304,0.46,250,0.764,0
244,Tim Beckham,BAL,SS,10,11,266,28,575,144,0.25,24,77,72,7,174,0.306,0.445,256,0.751,11.36
245,Yoshihisa Hirano,ARZ,R,3,2,424.5,33,60,3,15,13,0,57,20,3.6,1.25,0,,,
246,Jordan Montgomery,NYY,S,5,5,250.3,25,178,12,0,0,14,172,54,4.2,1.24,10.92,,,
247,Travis d'Arnaud,NYM,C,8,6,291.2,29,336,87,0.259,14,40,47,0,64,0.317,0.444,149,0.761,0
248,Todd Frazier,NYM,3B,9,8,289.2,32,524,118,0.225,28,74,75,7,155,0.327,0.435,228,0.762,0
249,Jackie Bradley,BOS,OF,9,9,282,27,524,132,0.252,22,75,72,7,141,0.332,0.441,231,0.773,14.94
250,Tanner Roark,WAS,S,6,5,257,31,185.2,12,0,0,17,162,58,3.97,1.27,0,,,
251,Devon Travis,TOR,2B,8,7,408.9,26,444,126,0.284,13,63,55,7,85,0.333,0.439,195,0.772,9.41
252,Kevin Pillar,TOR,OF,10,9,326.7,29,538,144,0.268,13,68,61,16,90,0.308,0.401,216,0.709,10.02
253,Dellin Betances,NYY,R,4,4,278.2,29,66,5,4,21,0,96,29,2.59,1.12,8.01,,,
254,Patrick Corbin,ARZ,S,5,5,239.3,28,172.2,11,0,0,14,167,49,4.01,1.26,0,,,
255,David Peralta,ARZ,OF,7,8,252.3,30,524,144,0.275,17,77,59,6,111,0.332,0.443,232,0.775,0
256,J.A. Happ,TOR,S,6,5,255.3,35,172,11,0,0,16,153,51,3.87,1.27,11.98,,,
257,Austin Hays,BAL,OF,9,8,347,22,499,134,0.269,23,62,71,3,105,0.309,0.471,235,0.78,8.93
258,Shane Greene,DET,R,4,4,243.6,29,65.1,3,17,10,0,71,23,3.58,1.26,5.69,,,
259,Kendrys Morales,TOR,DH,9,7,303.4,34,532,131,0.246,29,66,84,0,136,0.315,0.455,242,0.77,11.95
260,Jake Faria,TB,S,3,6,236.5,24,176.1,10,0,0,14,188,63,4.03,1.26,12.33,,,
261,Tyler Flowers,ATL,C,7,6,299,32,340,87,0.256,12,44,47,0,95,0.336,0.412,140,0.748,0
262,Stephen Piscotty,OAK,OF,8,8,291.4,27,540,142,0.263,18,74,72,5,127,0.336,0.43,232,0.766,13.59
263,Blake Snell,TB,S,4,6,215.7,25,175,11,0,0,15,180,71,3.86,1.3,12.19,,,
264,Dylan Bundy,BAL,S,4,5,191.1,25,171.1,12,0,0,17,168,48,4.2,1.25,11.43,,,
265,Ketel Marte,ARZ,SS,10,10,353.4,24,526,145,0.276,10,74,62,13,83,0.333,0.407,214,0.74,0
266,Sean Manaea,OAK,S,5,4,251.6,26,166,11,0,0,13,157,47,4.07,1.25,9.9,,,
267,Yasmani Grandal,LA,C,6,4,229.6,29,301,72,0.239,15,40,41,1,89,0.339,0.442,133,0.781,0
268,Lewis Brinson,MIA,OF,8,8,313.5,23,572,142,0.248,17,71,59,16,144,0.304,0.404,231,0.708,0
269,Chris Devenski,HOU,R,4,3,290.9,27,70.2,6,2,21,0,82,17,3.06,1.08,5.96,,,
270,Drew Pomeranz,BOS,S,4,4,183.8,29,157.2,11,0,0,14,155,59,3.88,1.31,9.18,,,
271,Corey Dickerson,TB,"OF,DH",7,7,217,28,541,138,0.255,24,66,68,3,136,0.3,0.453,245,0.753,7.67
272,Brad Peacock,HOU,S,4,4,232.6,30,124.2,9,1,4,8,135,47,3.83,1.25,7.62,,,
273,Eric Thames,MLW,"1B,OF",7,7,188,31,449,110,0.245,26,70,66,4,154,0.344,0.481,216,0.825,0
274,Josh Harrison,PIT,"2B,3B",10,9,264.7,30,545,147,0.27,11,74,54,15,100,0.323,0.393,214,0.716,0
275,Kole Calhoun,LAA,OF,5,7,287.7,30,542,137,0.253,18,76,68,4,128,0.323,0.411,223,0.734,11.13
276,Chase Anderson,MLW,S,2,4,170.4,30,182.2,12,0,0,14,167,48,4.24,1.25,0,,,
277,Russell Martin,TOR,C,5,6,320.7,35,398,87,0.219,16,54,50,2,118,0.326,0.379,151,0.705,5.94
278,Brandon McCarthy,ATL,S,5,4,438.8,34,162,10,0,0,13,138,43,3.89,1.25,0,,,
279,Scooter Gennett,CIN,2B,10,7,203.5,27,448,121,0.27,20,58,64,4,104,0.32,0.462,207,0.782,0
280,Carl Edwards Jr.,CHC,R,2,2,342.1,26,65.1,4,5,24,0,91,31,2.76,1.15,0,,,
281,Danny Duffy,KC,S,3,4,181.5,29,166.2,10,0,0,13,159,49,4.1,1.25,9.65,,,
282,Jarrod Dyson,SEA,OF,9,7,422.9,33,405,105,0.259,4,57,34,32,70,0.323,0.356,144,0.679,11.72
283,Julio Teheran,ATL,S,4,4,240.1,27,191.1,12,0,0,16,161,54,4.23,1.24,0,,,
284,David Dahl,COL,OF,5,4,239.1,23,337,94,0.279,12,43,48,10,81,0.323,0.466,157,0.789,0
285,Brian McCann,HOU,C,6,5,216.1,33,360,81,0.225,17,45,50,0,78,0.313,0.406,146,0.719,3.17
286,Miles Mikolas,STL,S,4,4,305.6,29,172.1,11,0,0,14,148,43,4.13,1.25,0,,,
287,Jose Reyes,NYM,"2B,3B,SS",5,6,321.8,34,420,108,0.257,11,62,41,17,74,0.315,0.398,167,0.713,0
288,Brandon Belt,SF,1B,6,8,303.5,29,509,131,0.257,19,80,68,3,142,0.358,0.448,228,0.806,0
289,Josh Reddick,HOU,OF,6,7,271.5,31,474,130,0.274,14,66,62,6,76,0.333,0.424,201,0.757,10.36
290,Luiz Gohara,ATL,S,4,5,280.9,21,153.1,10,0,0,12,166,57,3.87,1.28,0,,,
291,Mike Montgomery,CHC,S,5,3,368.7,28,110.1,8,1,6,6,96,41,3.43,1.27,0,,,
292,Willie Calhoun,TEX,OF,6,6,261.2,23,429,117,0.273,17,56,64,3,74,0.32,0.462,198,0.782,7.59
293,Chad Kuhl,PIT,S,2,3,396.4,25,181.1,11,0,0,15,162,55,4.07,1.28,0,,,
294,Amed Rosario,NYM,SS,10,8,232.8,22,526,138,0.262,9,60,54,21,132,0.309,0.39,205,0.699,0
295,Carlos Gomez,TEX,OF,8,6,349.4,32,454,112,0.247,16,57,55,15,132,0.316,0.41,186,0.726,10.24
296,Derek Fisher,HOU,OF,6,5,426.8,24,358,90,0.251,14,55,48,17,103,0.329,0.43,154,0.759,10.91
297,Anthony DeSclafani,CIN,S,4,3,401.1,27,159.2,10,0,0,12,141,40,4.11,1.23,0,,,
298,Ryon Healy,SEA,"1B,3B,DH",10,8,194.7,26,481,127,0.264,23,56,71,1,117,0.304,0.464,223,0.768,6.92
299,Adam Frazier,PIT,"2B,OF",7,7,401.3,26,480,135,0.281,8,71,49,12,76,0.345,0.396,190,0.741,0
300,Marco Estrada,TOR,S,3,4,312,34,177.2,11,0,0,16,159,56,4.31,1.23,10.5,,,
301,Paul DeJong,STL,"2B,SS",9,8,148.4,24,504,127,0.252,24,60,70,3,147,0.298,0.45,227,0.748,0
302,Keon Broxton,MLW,OF,3,2,310.6,27,256,59,0.23,12,39,30,14,101,0.322,0.434,111,0.756,0
303,Howie Kendrick,WAS,OF,2,3,507.6,34,305,87,0.285,8,43,39,6,63,0.339,0.423,129,0.762,0
304,Ervin Santana,MIN,S,5,3,195.5,35,161.2,11,0,0,14,132,45,4.18,1.26,7.56,,,
305,Matt Chapman,OAK,3B,8,7,284.2,24,500,114,0.228,27,66,71,4,172,0.31,0.454,227,0.764,10.95
306,Leonys Martin,DET,OF,8,7,484.7,29,483,121,0.251,13,62,45,23,118,0.301,0.393,190,0.694,9.58
307,Dansby Swanson,ATL,SS,7,7,381.8,24,513,133,0.259,14,67,60,7,121,0.33,0.404,207,0.734,0
308,Asdrubal Cabrera,NYM,"2B,3B,SS",7,7,308,32,500,133,0.266,17,67,56,4,105,0.327,0.426,213,0.753,0
309,Joe Panik,SF,2B,5,6,381.3,27,514,144,0.28,11,68,54,5,56,0.347,0.411,211,0.758,0
310,Teoscar Hernandez,TOR,OF,3,3,327.5,25,299,74,0.247,14,41,39,11,88,0.31,0.455,136,0.765,4.62
311,Jorge Bonifacio,KC,OF,5,7,401.1,24,567,142,0.25,23,72,70,3,163,0.31,0.427,242,0.737,9.66
312,Wilmer Flores,NYM,"1B,3B",5,3,331.6,26,336,93,0.277,16,43,53,1,55,0.324,0.476,160,0.8,0
313,Dominic Smith,NYM,1B,3,2,415.2,22,349,91,0.261,15,42,51,1,84,0.319,0.447,156,0.766,0
314,Raul Mondesi,KC,2B,4,3,346.7,22,383,90,0.235,8,44,37,21,118,0.273,0.376,144,0.649,2.28
315,Kolten Wong,STL,2B,7,6,374.8,27,473,129,0.273,10,67,54,10,91,0.357,0.404,191,0.761,0
316,Albert Almora,CHC,OF,6,6,373.4,23,467,132,0.283,12,58,62,5,85,0.329,0.428,200,0.757,0
317,Lonnie Chisenhall,CLE,OF,6,6,392.4,29,429,118,0.275,15,57,63,4,96,0.331,0.445,191,0.776,8.68
318,Jason Heyward,CHC,OF,5,6,407.4,28,479,126,0.263,13,66,62,9,84,0.338,0.401,192,0.739,0
319,Nick Markakis,ATL,OF,4,6,434.8,34,562,151,0.269,11,74,71,1,107,0.35,0.392,220,0.742,0
320,Albert Pujols,LAA,DH,10,7,319,38,524,134,0.256,25,60,86,2,81,0.308,0.433,227,0.741,10.17
321,Yangervis Solarte,TOR,"2B,3B,SS",2,2,271.4,30,350,93,0.266,12,44,45,1,55,0.321,0.429,150,0.75,2.47
322,Carlos Gonzalez,COL,OF,6,5,293,32,500,128,0.256,19,63,65,2,133,0.319,0.426,213,0.745,0
323,Chance Sisco,BAL,C,5,5,342.7,22,348,86,0.247,11,46,41,2,103,0.322,0.399,139,0.721,2.36
324,Logan Forsythe,LA,"2B,3B",5,5,431.1,31,472,119,0.252,16,67,58,5,120,0.34,0.411,194,0.751,0
325,Yonder Alonso,CLE,1B,5,5,298.9,30,487,123,0.253,20,63,67,2,118,0.327,0.431,210,0.758,10.04
326,Hunter Pence,SF,OF,4,4,448,34,466,123,0.264,15,56,60,3,110,0.326,0.421,196,0.747,0
327,Denard Span,TB,OF,4,5,451.2,33,464,123,0.265,9,69,44,12,67,0.331,0.386,179,0.717,9.39
328,James McCann,DET,C,6,4,303.8,27,404,97,0.24,14,40,48,1,109,0.297,0.399,161,0.696,1
329,Jedd Gyorko,STL,3B,6,4,354.8,29,421,106,0.252,20,49,60,2,107,0.314,0.444,187,0.758,0
330,Scott Schebler,CIN,OF,5,4,282.8,27,399,97,0.243,22,51,62,5,107,0.31,0.469,187,0.779,0
331,Francisco Mejia,CLE,DH,5,4,344,22,299,80,0.268,9,36,40,2,60,0.312,0.421,126,0.733,1
332,Brandon Crawford,SF,SS,5,4,333.2,31,522,129,0.247,15,59,66,5,124,0.305,0.4,209,0.705,0
333,Troy Tulowitzki,TOR,SS,5,4,379.9,33,447,115,0.257,19,54,56,0,94,0.321,0.43,192,0.751,6.06
334,Jorge Soler,KC,OF,6,6,450.1,25,491,123,0.251,23,64,70,2,159,0.331,0.452,222,0.783,11.81
335,Jeimer Candelario,DET,3B,4,4,335.3,24,545,134,0.246,16,69,65,1,138,0.322,0.398,217,0.72,8.22
336,Derek Dietrich,MIA,3B,4,4,505,28,467,118,0.253,14,69,55,1,117,0.345,0.411,192,0.756,0
337,Zack Cozart,LAA,SS,4,4,222,32,494,120,0.243,16,59,58,4,93,0.298,0.395,195,0.693,4.04
338,Gerardo Parra,COL,OF,4,4,338.8,30,367,107,0.292,10,50,51,4,64,0.328,0.444,163,0.772,0
339,Adam Lind,WAS,"1B,OF",4,4,506.1,34,384,106,0.276,17,51,63,0,75,0.339,0.471,181,0.81,0
340,Matt Holliday,NYY,DH,4,4,-,38,424,106,0.25,20,59,65,1,113,0.343,0.443,188,0.786,10.99
341,Brandon Phillips,LAA,"2B,3B",4,4,386.6,36,481,131,0.272,9,58,53,7,66,0.309,0.381,183,0.69,4.38
342,Melky Cabrera,KC,OF,4,4,318.4,33,456,127,0.279,11,57,58,1,63,0.326,0.41,187,0.736,5.46
343,Jesse Winker,CIN,OF,3,4,322.9,24,447,120,0.269,13,68,47,4,94,0.349,0.412,184,0.761,0
344,Alex Gordon,KC,OF,4,5,526.8,34,502,122,0.243,17,71,57,7,138,0.338,0.402,202,0.74,12.4
345,Curtis Granderson,TOR,OF,3,4,502.6,36,435,96,0.221,23,71,53,5,126,0.328,0.441,192,0.769,11.29
346,Neil Walker,MLW,2B,3,4,414.4,32,457,117,0.256,15,62,57,2,106,0.341,0.407,186,0.748,0
347,Joe Mauer,MIN,1B,2,4,396.3,34,516,141,0.273,9,69,58,1,98,0.358,0.388,200,0.746,11.01
348,Cameron Rupp,PHI,C,5,3,494.5,29,339,78,0.23,16,36,43,1,113,0.299,0.431,146,0.73,0
349,Austin Hedges,SD,C,5,3,268.7,25,401,90,0.224,16,40,47,2,111,0.278,0.394,158,0.672,0
350,Victor Robles,WAS,OF,3,2,307.2,20,254,69,0.272,7,39,33,12,58,0.344,0.433,110,0.777,0
351,Adam Duvall,CIN,OF,4,3,171.5,29,366,90,0.246,20,47,58,2,102,0.305,0.467,171,0.772,0
352,Christian Arroyo,TB,3B,4,3,516.6,22,444,116,0.261,12,52,51,4,87,0.305,0.403,179,0.708,2.8
353,Aledmys Diaz,TOR,SS,1,1,473.5,27,296,78,0.264,9,39,34,3,59,0.315,0.412,122,0.727,1
354,Jose Pirela,SD,OF,4,3,385.6,28,377,100,0.265,13,48,52,6,89,0.325,0.44,166,0.765,0
355,Stephen Vogt,MLW,C,4,3,339.2,33,292,72,0.247,12,33,39,0,57,0.302,0.425,124,0.727,0
356,Aaron Altherr,PHI,OF,4,3,258.7,27,349,87,0.249,16,49,50,9,102,0.329,0.459,160,0.788,0
357,Aaron Sanchez,TOR,S,4,3,218.1,25,153.1,10,0,0,12,132,52,3.87,1.31,6.39,,,
358,Freddy Galvis,SD,SS,4,3,367.1,28,533,131,0.246,12,57,52,11,111,0.294,0.372,198,0.666,0
359,David Robertson,NYY,R,4,3,293.2,32,64.2,5,4,25,0,85,20,3.06,1.08,6.19,,,
360,Lance Lynn,STL,S,4,3,221.6,30,182,12,0,0,15,155,66,4.05,1.33,0,,,
361,Matt Wieters,WAS,C,4,3,327.5,31,379,90,0.238,12,43,45,1,90,0.306,0.377,143,0.683,0
362,Martin Prado,MIA,3B,4,3,552.3,34,506,138,0.273,8,58,55,1,76,0.325,0.38,192,0.705,0
363,Cameron Maybin,HOU,OF,4,3,385.5,30,352,90,0.256,7,51,35,18,82,0.33,0.369,130,0.699,7.75
364,Mallex Smith,TB,OF,3,3,354.6,24,313,80,0.256,3,44,25,24,71,0.318,0.345,108,0.663,5.86
365,Christian Vazquez,BOS,C,3,3,288.7,27,343,87,0.254,5,41,36,4,72,0.308,0.353,121,0.661,0
366,Yolmer Sanchez,CWS,"2B,3B",3,3,427.1,25,410,106,0.259,10,53,48,7,89,0.307,0.398,163,0.705,3.58
367,Mikie Mahtook,DET,OF,3,3,334.4,28,421,107,0.254,13,58,46,8,106,0.32,0.418,176,0.738,6.67
368,Leury Garcia,CWS,OF,3,3,511.4,26,366,93,0.254,9,47,39,15,83,0.299,0.385,141,0.684,3.9
369,Adeiny Hechavarria,TB,SS,3,3,541.1,28,452,118,0.261,10,52,49,5,83,0.297,0.387,175,0.684,1.37
370,Lucas Duda,TB,"1B,DH",3,3,446.3,32,415,97,0.234,25,53,66,0,126,0.333,0.465,193,0.798,10.12
371,Chase Headley,SD,"1B,3B",3,3,410.8,33,489,117,0.239,12,61,52,7,134,0.326,0.366,179,0.692,0
372,Andre Ethier,LA,OF,3,3,-,35,378,100,0.265,14,50,51,2,84,0.34,0.437,165,0.777,0
373,Felix Hernandez,SEA,S,3,3,285,31,164.2,10,0,0,13,145,52,4.1,1.26,8.55,,,
374,J.P. Crawford,PHI,3B,2,3,372.5,23,523,121,0.231,14,62,50,9,126,0.313,0.369,193,0.682,0
375,Nick Delmonico,CWS,OF,2,3,462.1,25,431,105,0.244,16,54,53,3,108,0.32,0.406,175,0.726,5.88
376,Jose Iglesias,DET,SS,2,3,526.9,28,465,125,0.269,5,59,44,6,60,0.319,0.355,165,0.674,3.49
377,Mike Minor,TEX,S,2,3,307.5,30,156.1,10,0,0,12,142,43,4.2,1.27,6.44,,,
378,Jed Lowrie,OAK,2B,2,3,427.3,33,439,115,0.262,10,62,51,1,85,0.334,0.394,173,0.728,5.92
379,Jose Bautista,TOR,OF,2,3,388.3,37,463,101,0.218,20,69,61,3,134,0.338,0.4,185,0.738,11.77
380,Dustin Pedroia,BOS,2B,2,3,428.9,34,366,103,0.281,7,53,43,3,54,0.351,0.393,144,0.744,5.74
381,Mike Clevinger,CLE,S,1,3,217.6,27,157.2,10,0,1,11,169,68,4.11,1.34,4.71,,,
382,Matt Joyce,OAK,OF,1,3,499,33,419,96,0.229,18,67,49,2,117,0.333,0.408,171,0.741,8.65
383,Hernan Perez,MLW,"3B,OF",3,1,370,26,246,64,0.26,7,29,29,12,53,0.295,0.407,100,0.702,0
384,Scott Alexander,LA,R,2,1,638.1,28,67,5,1,23,0,60,23,2.96,1.22,0,,,
385,Tucker Barnhart,CIN,C,3,2,329,27,366,91,0.249,8,35,37,2,75,0.32,0.372,136,0.692,0
386,Brandon Drury,ARZ,2B,3,2,420.2,25,330,91,0.276,12,43,48,1,71,0.33,0.455,150,0.785,0
387,Yan Gomes,CLE,C,3,2,389.4,30,313,73,0.233,12,35,41,0,90,0.287,0.396,124,0.683,0
388,C.J. Cron,TB,1B,10,10,404.6,28,551,143,0.26,25,66,82,4,132,0.311,0.456,251,0.767,11.45
389,Blake Swihart,BOS,C,3,2,538.1,25,268,69,0.258,7,36,34,2,65,0.319,0.403,108,0.722,0
390,Robinson Chirinos,TEX,C,3,2,260.3,33,278,63,0.227,13,39,36,0,84,0.316,0.414,115,0.73,1
391,Matt Davidson,CWS,"1B,3B,DH",3,2,453.8,26,342,77,0.225,20,41,52,1,124,0.287,0.45,154,0.737,1.61
392,Mike Leake,SEA,S,3,2,329,30,182,11,0,0,14,122,40,4.2,1.27,5.5,,,
393,J.C. Ramirez,LAA,S,3,2,539.8,29,151,9,0,0,12,121,46,4.05,1.28,5.69,,,
394,Kurt Suzuki,ATL,C,3,2,356.5,34,266,67,0.252,7,28,33,0,40,0.307,0.38,101,0.687,0
395,Victor Martinez,DET,DH,3,2,547.4,39,444,116,0.261,17,45,58,0,83,0.331,0.412,183,0.743,6.11
396,Rajai Davis,CLE,OF,3,2,531.4,37,270,65,0.241,6,40,25,21,69,0.299,0.374,101,0.673,3.69
397,Brad Ziegler,MIA,R,3,2,377.3,38,65,3,11,18,0,44,22,3.32,1.29,0,,,
398,A.J. Minter,ATL,R,2,2,432.8,24,59,4,4,25,0,79,17,2.59,1.07,0,,,
399,Magneuris Sierra,MIA,OF,2,2,542.5,21,373,95,0.255,2,45,27,20,79,0.296,0.319,119,0.615,0
400,Andrew Toles,LA,OF,2,2,501.8,25,301,81,0.269,11,40,39,5,62,0.311,0.435,131,0.746,0
401,Ben Gamel,SEA,OF,2,2,430.1,25,384,99,0.258,9,49,45,7,91,0.316,0.385,148,0.701,3.78
402,Gleyber Torres,NYY,SS,2,2,278.4,21,325,80,0.246,9,47,40,8,87,0.321,0.391,127,0.712,3.96
403,Boog Powell,OAK,OF,2,2,581,25,372,94,0.253,8,58,37,9,90,0.333,0.371,138,0.704,6.17
404,Bruce Maxwell,OAK,C,2,2,453.9,27,358,88,0.246,8,42,39,0,87,0.315,0.369,132,0.684,1
405,Johan Camargo,ATL,"3B,SS",2,2,445.3,24,451,116,0.257,10,52,50,2,92,0.299,0.393,177,0.692,0
406,Matt Duffy,TB,3B,2,2,479.9,27,353,91,0.258,8,42,39,7,70,0.314,0.382,135,0.696,1.96
407,Carlos Rodon,CWS,S,2,2,365,25,105.2,7,0,0,8,114,39,3.92,1.26,4.55,,,
408,Juan Lagares,NYM,OF,2,2,624.6,28,380,97,0.255,7,46,39,10,80,0.309,0.376,143,0.685,0
409,Cory Spangenberg,SD,"3B,OF",2,2,387.1,26,319,82,0.257,8,41,34,9,80,0.318,0.398,127,0.716,0
410,Mitch Moreland,BOS,1B,2,2,398.2,32,349,87,0.249,15,44,50,0,90,0.314,0.438,153,0.752,2.66
411,Manny Pina,MLW,C,2,2,361.2,30,281,70,0.249,7,31,31,1,61,0.304,0.374,105,0.678,0
412,Alex Avila,ARZ,"C,1B",2,2,367.4,31,257,59,0.23,11,35,32,0,106,0.361,0.409,105,0.77,0
413,Tyler Chatwood,CHC,S,2,2,279,28,172,12,0,0,14,145,67,3.98,1.35,0,,,
414,Jason Castro,MIN,C,2,2,377.7,30,371,82,0.221,11,45,42,1,130,0.306,0.367,136,0.673,1
415,Mychal Givens,BAL,R,2,2,391.4,27,71.2,5,2,21,0,84,24,3.14,1.13,4.66,,,
416,Francisco Cervelli,PIT,C,2,2,439.2,31,307,77,0.251,5,36,31,1,75,0.345,0.349,107,0.694,0
417,David Freese,PIT,3B,1,1,627,34,297,76,0.256,8,37,38,0,81,0.338,0.387,115,0.725,0
418,Chris Carter,LAA,1B,2,2,-,31,335,72,0.215,23,45,55,1,130,0.308,0.469,157,0.777,5.26
419,Steve Pearce,TOR,OF,1,1,567.1,34,257,65,0.253,12,36,34,1,61,0.331,0.451,116,0.782,1.3
420,Michael Saunders,TOR,OF,2,2,-,31,366,87,0.238,15,47,46,3,105,0.311,0.418,153,0.729,3.34
421,Jacoby Ellsbury,NYY,OF,2,2,435.9,34,304,79,0.26,6,48,33,13,55,0.328,0.378,115,0.706,4.94
422,Colby Rasmus,TB,OF,2,2,-,31,334,77,0.231,19,41,46,2,116,0.299,0.455,152,0.754,2.3
423,Ryan Madson,WAS,R,2,2,417.3,37,62,4,10,21,0,63,14,3.34,1.13,0,,,
424,Brandon Moss,OAK,DH,0,0,-,34,227,49,0.216,12,28,30,0,84,0.302,0.419,95,0.721,0
425,Matt Bush,TEX,R,2,2,478.4,32,64.2,4,6,19,0,74,17,3.34,1.13,4.39,,,
426,Nick Tropeano,LAA,S,1,2,615.6,27,136,8,0,0,10,134,44,4.17,1.26,5.26,,,
427,Tommy Kahnle,NYY,R,1,2,456.5,28,64,4,0,16,0,95,27,2.95,1.16,3.92,,,
428,Collin McHugh,HOU,S,1,1,344.7,30,131.1,8,0,0,11,130,39,4.32,1.29,3.22,,,
429,Jordy Mercer,PIT,SS,1,2,505.9,31,480,118,0.246,12,54,47,2,94,0.32,0.375,180,0.695,0
430,Tyler Anderson,COL,S,1,2,425.9,28,163,11,0,0,12,151,44,4.25,1.29,0,,,
431,Jurickson Profar,TEX,OF,1,2,548.4,24,339,88,0.26,7,53,35,4,65,0.339,0.381,129,0.72,3.89
432,Matt Harvey,NYM,S,1,2,360.6,28,157,10,0,0,12,150,51,4.18,1.29,0,,,
433,Jon Jay,CHC,OF,1,2,628,32,413,112,0.271,4,59,40,4,86,0.341,0.356,147,0.697,0
434,Ben Zobrist,CHC,"2B,OF",1,2,453.7,36,357,90,0.252,9,55,42,2,67,0.347,0.389,139,0.736,0
435,Yunel Escobar,LAA,3B,1,2,-,35,426,118,0.277,7,55,41,1,67,0.339,0.383,163,0.722,4.02
436,Seth Smith,BAL,OF,1,2,-,35,368,90,0.245,13,52,45,1,94,0.334,0.41,151,0.744,4.96
437,Colin Moran,PIT,1B,4,4,457.6,25,445,118,0.265,16,56,58,2,103,0.324,0.427,190,0.751,0
438,Jose Martinez,STL,"1B,OF",3,3,270.3,29,320,87,0.272,13,44,47,4,73,0.342,0.453,145,0.795,0
439,Alex Claudio,TEX,R,5,3,317,26,70.1,5,14,14,0,53,16,3.33,1.17,6.22,,,
440,Alcides Escobar,KC,SS,2,2,535.4,31,472,122,0.258,5,53,42,9,71,0.29,0.347,164,0.637,1
441,Austin Jackson,SF,OF,2,2,570,31,383,99,0.258,7,53,40,8,92,0.325,0.397,152,0.722,0
442,Joakim Soria,CWS,R,4,3,358.2,33,61.2,3,14,13,0,66,20,3.65,1.23,4.09,,,
443,Lane Adams,ATL,OF,1,1,589.3,28,189,45,0.238,7,23,24,11,61,0.303,0.407,77,0.71,0
444,Matt Adams,WAS,"1B,OF",1,1,474.2,29,235,61,0.26,12,30,39,0,62,0.304,0.472,111,0.776,0
445,Jorge Alfaro,PHI,C,1,1,247,24,193,44,0.228,7,18,21,1,65,0.279,0.389,75,0.668,0
446,Pedro Alvarez,BAL,DH,2,1,-,31,293,72,0.246,18,37,48,1,86,0.311,0.485,142,0.796,2.9
447,Brian Anderson,MIA,3B,1,1,546.8,24,368,91,0.247,12,42,43,1,92,0.316,0.405,149,0.721,0
448,Matt Andriese,TB,S,1,1,490.6,28,135.2,7,0,2,9,122,36,4.18,1.26,4,,,
449,Carlos Asuaje,SD,2B,1,1,603.8,26,393,97,0.247,7,45,36,4,83,0.313,0.359,141,0.672,0
450,Jacob Barnes,MLW,R,1,1,612.7,27,66.1,4,1,22,0,79,21,3.26,1.15,0,,,
451,Matt Barnes,BOS,R,0,1,656.9,27,66.2,4,0,16,0,73,24,3.38,1.21,1,,,
452,Cam Bedrosian,LAA,R,3,2,331.4,26,62,4,10,18,0,75,21,3.34,1.18,5.07,,,
453,Joe Biagini,TOR,R,1,1,608.9,27,68.1,5,3,22,0,67,22,3.56,1.24,0,,,
454,Walker Buehler,LA,R,1,1,358.6,23,58.1,5,0,3,3,72,25,3.39,1.22,0,,,
455,Trevor Cahill,KC,S,0,1,570.8,29,144.2,9,0,0,11,141,62,4.11,1.35,2.65,,,
456,Steve Cishek,CHC,R,1,1,522.4,31,63.1,4,4,18,0,61,21,3.27,1.18,0,,,
457,Cheslor Cuthbert,KC,3B,2,1,577,25,378,95,0.251,9,41,41,2,79,0.301,0.381,144,0.682,0
458,Zach Davies,MLW,S,1,1,297.7,25,189.1,12,0,0,14,149,49,4.28,1.29,0,,,
459,Wilmer Difo,WAS,"2B,SS",1,1,442.5,25,260,66,0.254,5,34,24,11,58,0.301,0.373,97,0.674,0
460,Hunter Dozier,KC,OF,0,1,578.4,26,355,83,0.234,10,40,38,2,112,0.299,0.372,132,0.671,0
461,Ryan Dull,OAK,R,1,1,700,28,68,4,2,16,0,69,17,3.71,1.15,1,,,
462,Jerad Eickhoff,PHI,S,0,1,371.4,27,176.2,10,0,0,14,151,45,4.33,1.27,0,,,
463,Eduardo Escobar,MIN,"3B,DH",1,1,434.7,29,289,72,0.249,7,34,35,2,65,0.298,0.377,109,0.675,0
464,Michael Feliz,PIT,R,1,1,663.9,24,66,4,1,13,0,93,23,3.27,1.15,0,,,
465,Michael Foltynewicz,ATL,S,0,1,347.7,26,179.2,10,0,0,13,171,59,4.31,1.33,0,,,
466,Mike Ford,SEA,1B,1,1,-,25,250,63,0.252,10,34,32,1,54,0.335,0.424,106,0.759,1
467,Dustin Fowler,OAK,OF,2,1,385.3,23,272,71,0.261,9,30,36,7,62,0.295,0.434,118,0.729,0
468,Jaime Garcia,TOR,S,0,0,526.8,31,151.2,9,0,0,12,119,48,4.45,1.35,0,,,
469,Mitch Garver,MIN,C,1,1,569,27,140,34,0.243,6,19,19,1,42,0.327,0.436,61,0.763,0
470,Lucas Giolito,CWS,S,0,1,229.9,23,171,10,0,0,12,157,64,4.42,1.36,1,,,
471,Tyler Glasnow,PIT,S,0,1,376.1,24,114,7,0,0,8,130,56,3.95,1.36,0,,,
472,Koda Glover,WAS,R,1,1,624.3,24,62.2,4,6,13,0,67,18,3.3,1.18,0,,,
473,Adrian Gonzalez,NYM,1B,1,1,520.1,35,360,92,0.256,12,38,48,0,77,0.315,0.408,147,0.723,0
474,Kendall Graveman,OAK,S,2,1,482.7,27,182.2,11,0,0,16,126,47,4.19,1.3,5.67,,,
475,Luke Gregerson,STL,R,5,4,333.3,33,60.2,3,16,13,0,63,16,3.26,1.09,0,,,
476,Josh Hader,MLW,R,1,1,305.8,23,68.2,4,2,24,0,95,26,3.41,1.14,0,,,
477,Jesse Hahn,KC,S,1,1,702.4,28,143,8,0,0,11,115,46,4.09,1.33,2.19,,,
478,Will Harris,HOU,R,1,1,544.4,33,63.1,4,1,22,0,69,15,3.27,1.12,2.1,,,
479,Dilson Herrera,CIN,2B,1,1,703.6,23,268,69,0.258,9,35,33,4,62,0.319,0.414,111,0.733,0
480,Trevor Hildenberger,MIN,R,2,1,416.2,27,68,4,3,19,0,67,13,3.31,1.12,3.21,,,
481,Brent Honeywell,TB,S,1,1,271.5,22,105.1,5,0,0,8,102,30,4.02,1.22,4.27,,,
482,Tommy Hunter,PHI,R,1,1,583.1,31,64.1,4,5,20,0,59,14,3.5,1.13,0,,,
483,Caleb Joseph,BAL,C,1,1,484.2,31,209,48,0.23,7,21,23,0,51,0.276,0.378,79,0.654,0
484,Nate Karns,KC,S,0,1,481.2,30,131.1,7,0,0,9,134,45,4.25,1.32,2,,,
485,Keone Kela,TEX,R,2,1,377.3,24,54,3,5,15,0,65,20,3.17,1.17,2.28,,,
486,Joe Kelly,BOS,R,2,1,660.7,29,71,6,1,10,0,78,26,3.3,1.23,1,,,
487,Scott Kingery,PHI,2B,2,1,335.6,23,210,56,0.267,9,24,30,10,48,0.31,0.467,98,0.777,0
488,John Lackey,CHC,S,1,1,447.4,39,176.2,11,0,0,14,147,48,4.23,1.28,0,,,
489,Brett Lawrie,CWS,3B,1,1,-,28,327,82,0.251,13,38,43,3,85,0.304,0.425,139,0.729,1
490,Dominic Leone,STL,R,1,1,521.4,26,69,5,2,15,0,77,23,3.39,1.19,0,,,
491,Reynaldo Lopez,CWS,S,0,1,374.2,24,173,10,0,0,13,158,61,4.53,1.35,1,,,
492,Seth Lugo,NYM,S,1,10,544.5,28,108.1,7,1,5,4,94,29,4.07,1.26,0,,,
493,Dixon Machado,DET,"2B,SS",0,1,578,25,337,85,0.252,3,44,28,7,68,0.319,0.335,113,0.654,1
494,Martin Maldonado,LAA,C,1,1,401.7,31,336,71,0.211,10,32,33,0,98,0.272,0.339,114,0.611,0
495,Jake Marisnick,HOU,OF,1,1,524.3,26,244,58,0.238,10,36,30,10,75,0.291,0.414,101,0.705,1
496,Steven Matz,NYM,S,1,1,339.7,26,130.1,8,0,0,10,117,36,4.07,1.28,0,,,
497,Brandon Maurer,KC,R,1,1,537.7,27,64.1,3,9,17,0,67,19,3.64,1.29,1,,,
498,Ryan McMahon,COL,1B,1,1,352.8,23,197,55,0.279,8,28,33,3,51,0.336,0.477,94,0.813,0
499,Devin Mesoraco,CIN,C,2,1,495.1,29,185,44,0.238,9,22,25,1,47,0.324,0.427,79,0.751,0
500,Keynan Middleton,LAA,R,1,1,624.5,24,67.2,4,3,16,0,80,21,3.33,1.12,3.9,,,
501,Tom Murphy,COL,C,2,1,443.5,26,146,39,0.267,7,19,23,1,41,0.325,0.48,70,0.805,0
502,Tyler Naquin,CLE,OF,1,1,-,26,239,62,0.259,8,34,29,4,66,0.328,0.427,102,0.755,1
503,Juan Nicasio,SEA,R,1,1,425.9,31,67,4,2,24,0,71,22,3.09,1.19,2.15,,,
504,Brandon Nimmo,NYM,OF,0,1,523.7,24,324,77,0.238,8,44,35,3,89,0.33,0.377,122,0.707,0
505,Daniel Norris,DET,S,0,1,452.7,24,159.2,8,0,0,12,155,52,4.34,1.32,3.67,,,
506,Derek Norris,DET,C,2,1,-,29,204,48,0.235,8,23,25,1,58,0.298,0.407,83,0.705,0
507,Ivan Nova,PIT,S,1,1,350,31,189.2,11,0,0,16,143,38,4.27,1.26,0,,,
508,Darren O'Day,BAL,R,2,1,561.3,35,59.1,4,3,22,0,69,16,3.19,1.06,4,,,
509,Roberto Perez,CLE,C,1,1,578.7,29,233,52,0.223,8,27,28,1,68,0.312,0.373,87,0.685,0
510,Yusmeiro Petit,OAK,S,3,1,469.4,33,97.2,6,1,7,1,89,20,3.96,1.17,2.04,,,
511,Kevin Plawecki,NYM,C,1,1,555.6,26,231,56,0.242,6,24,25,1,47,0.3,0.368,85,0.668,0
512,Trevor Plouffe,TEX,3B,1,1,-,31,303,72,0.238,11,35,37,1,74,0.304,0.403,122,0.707,0
513,Erasmo Ramirez,SEA,S,2,1,463.8,27,148.1,8,0,2,10,120,38,4.25,1.23,5.06,,,
514,A.J. Ramos,NYM,R,1,1,357.1,31,63.2,4,11,17,0,76,33,3.39,1.35,0,,,
515,Ben Revere,LAA,OF,2,1,521.3,29,281,79,0.281,1,37,20,15,28,0.317,0.338,95,0.655,1
516,Alex Reyes,STL,S,2,2,255.1,23,87,6,2,6,4,106,44,3.72,1.32,0,,,
517,J.T. Riddle,MIA,SS,0,1,669.2,26,461,112,0.243,7,42,42,3,101,0.285,0.347,160,0.632,0
518,Eduardo Rodriguez,BOS,S,1,1,339.3,24,106,7,0,0,8,107,35,4.08,1.27,2.66,,,
519,Hector Rondon,HOU,R,1,1,587.4,29,61,4,0,10,0,68,17,3.25,1.11,1.57,,,
520,CC Sabathia,NYY,S,0,1,351.4,37,154.1,10,0,0,11,122,49,4.37,1.33,0,,,
521,Tyler Skaggs,LAA,S,1,1,368.7,26,129.2,7,0,0,10,113,40,4.23,1.29,2.41,,,
522,Drew Steckenrider,MIA,R,1,1,364.8,27,64.1,4,6,15,0,76,26,3.5,1.24,0,,,
523,Brock Stewart,LA,S,2,1,530.7,26,81.2,6,0,2,5,79,22,3.75,1.19,0,,,
524,Matt Strahm,SD,S,0,1,555.1,26,130.1,7,0,4,8,131,50,4.07,1.31,0,,,
525,Dan Straily,MIA,S,0,1,320.5,29,177.1,9,0,0,15,162,57,4.31,1.28,0,,,
526,Ross Stripling,LA,S,2,1,633.3,28,79,6,1,3,1,77,20,3.42,1.15,0,,,
527,Pedro Strop,CHC,R,1,1,595,32,61.2,4,0,15,0,74,24,2.92,1.15,0,,,
528,Anthony Swarzak,NYM,R,0,1,463.6,32,71.1,4,1,15,0,82,20,3.41,1.16,0,,,
529,Raimel Tapia,COL,OF,1,1,393.7,24,179,51,0.285,3,27,20,7,34,0.325,0.419,75,0.744,0
530,Charlie Tilson,CWS,OF,1,1,454.4,25,305,76,0.249,4,40,29,9,63,0.305,0.348,106,0.653,1
531,Andrew Triggs,OAK,S,1,1,491.8,28,173.1,10,0,0,14,142,48,4.26,1.3,4.85,,,
532,Preston Tucker,ATL,OF,2,1,662.7,27,304,77,0.253,15,37,45,1,79,0.316,0.474,144,0.79,0
533,Luis Valbuena,LAA,"1B,3B",1,1,540.7,32,291,64,0.22,13,39,40,1,86,0.316,0.402,117,0.718,1.35
534,Danny Valencia,SEA,1B,1,1,-,33,285,74,0.26,11,37,41,1,74,0.325,0.432,123,0.757,1.4
535,Vince Velasquez,PHI,S,1,1,363,25,127.1,8,0,0,9,138,43,4.17,1.28,0,,,
536,Adam Wainwright,STL,S,1,1,453.1,36,175.2,11,0,0,14,134,45,4.25,1.29,0,,,
537,Nick Williams,PHI,OF,1,1,277.1,24,284,68,0.239,11,31,35,3,92,0.278,0.412,117,0.69,0
538,Steven Wright,BOS,S,2,1,637.3,33,152.1,10,1,0,11,117,53,4.14,1.33,2.35,,,
539,Chris Young,LAA,"OF,DH",1,1,-,34,258,62,0.24,11,35,35,5,66,0.322,0.43,111,0.752,1.84
540,Domingo Acevedo,NYY,S,0,0,682.8,23,21.2,0,0,0,0,19,7,4.98,1.38,0,,,
541,Willy Adames,TB,SS,0,0,491.5,22,169,42,0.249,4,23,19,3,48,0.323,0.391,66,0.714,0
542,Chance Adams,NYY,S,0,0,479.6,23,86,5,0,0,6,76,30,4.4,1.31,0,,,
543,Jesus Aguilar,MLW,1B,0,0,509.6,27,186,45,0.242,9,24,29,1,63,0.313,0.452,84,0.765,0
544,Nick Ahmed,ARZ,SS,0,0,683.6,27,239,55,0.23,5,25,25,5,51,0.283,0.352,84,0.635,0
545,Matt Albers,MLW,R,0,0,611.2,35,59,3,0,8,0,47,18,4.27,1.29,0,,,
546,Sandy Alcantara,MIA,S,0,0,538.6,22,76.1,3,0,0,5,69,36,4.6,1.44,0,,,
547,Anthony Alford,TOR,OF,0,0,540.7,23,191,46,0.241,4,26,19,8,56,0.315,0.361,69,0.676,0
548,Kolby Allard,ATL,S,0,0,655.6,20,46,3,0,0,3,40,16,4.11,1.33,0,,,
549,Greg Allen,CLE,OF,0,0,-,24,169,42,0.249,3,25,17,11,40,0.319,0.355,60,0.674,0
550,Abraham Almonte,CLE,OF,0,0,-,28,196,49,0.25,5,27,23,5,51,0.312,0.398,78,0.71,0
551,Dan Altavilla,SEA,R,0,0,-,25,51,3,0,9,0,61,20,3.88,1.27,0,,,
552,Jose Alvarado,TB,R,0,0,602,22,49,2,2,13,0,57,28,3.49,1.37,0,,,
553,Yadier Alvarez,LA,S,0,0,683.8,21,35,2,0,0,2,33,19,4.37,1.49,0,,,
554,Brett Anderson,TOR,S,0,0,672.3,30,126.1,7,0,0,9,86,40,4.27,1.39,0,,,
555,Drew Anderson,PHI,R,0,0,-,23,57.1,3,0,0,3,50,21,4.87,1.4,0,,,
556,Miguel Andujar,NYY,3B,1,0,445.1,22,204,54,0.265,6,26,27,2,39,0.312,0.407,83,0.719,0
557,Victor Arano,PHI,R,0,0,-,23,53,3,0,5,0,62,17,3.74,1.23,0,,,
558,Shawn Armstrong,SEA,R,0,0,-,27,53,2,0,4,0,57,25,4.08,1.34,0,,,
559,Tyler Austin,NYY,1B,0,0,-,26,126,29,0.23,6,16,18,1,43,0.305,0.421,53,0.726,0
560,Luis Avilan,CWS,R,0,0,-,28,60.1,3,1,16,0,64,24,3.28,1.23,0,,,
561,Erick Aybar,SD,SS,0,0,646.7,34,288,73,0.254,4,33,27,6,47,0.307,0.351,101,0.658,0
562,Harrison Bader,STL,OF,0,0,554.8,23,206,52,0.252,7,24,25,5,54,0.308,0.408,84,0.716,0
563,Pedro Baez,LA,R,0,0,651.2,29,66,4,1,18,0,75,19,3.41,1.17,0,,,
564,Homer Bailey,CIN,S,0,0,530.7,31,124.2,7,0,0,9,110,38,4.33,1.31,0,,,
565,Anthony Banda,ARZ,S,0,0,653.4,24,79.1,5,0,0,5,76,30,4.2,1.36,0,,,
566,Jett Bandy,MLW,C,0,0,672.9,27,145,34,0.235,5,16,16,1,35,0.304,0.379,55,0.683,0
567,Danny Barnes,TOR,R,0,0,-,28,68.2,3,0,13,0,70,20,3.8,1.19,0,,,
568,Darwin Barney,TEX,"2B,3B",0,0,-,32,202,48,0.238,3,23,18,2,35,0.289,0.337,68,0.626,0
569,Franklin Barreto,OAK,SS,1,0,457.2,21,237,58,0.245,7,29,26,9,66,0.29,0.392,93,0.682,0
570,Jake Barrett,ARZ,R,0,0,-,26,44.2,2,0,8,0,45,19,4.43,1.39,0,,,
571,Jake Bauers,TB,1B,0,0,507.1,22,141,34,0.241,4,18,15,3,35,0.317,0.376,53,0.693,0
572,Tyler Beede,SF,S,0,0,623.4,24,117,6,0,0,8,98,45,4.31,1.38,0,,,
573,Chad Bettis,COL,S,0,0,653,28,171.2,10,0,0,12,132,51,4.67,1.43,0,,,
574,Braden Bishop,SEA,OF,0,0,-,24,206,54,0.262,2,26,20,7,44,0.32,0.345,71,0.665,0
575,Ty Blach,SF,S,0,0,664.6,27,76.1,4,0,0,3,46,19,4.6,1.36,0,,,
576,Paul Blackburn,OAK,S,0,0,684.8,24,158.1,8,0,0,11,95,44,4.66,1.41,0,,,
577,Aaron Blair,ATL,S,0,0,635.2,25,48.2,1,0,0,2,39,19,5.55,1.5,0,,,
578,Andres Blanco,SF,3B,0,0,-,33,138,32,0.232,2,14,11,1,33,0.291,0.333,46,0.624,0
579,Gregor Blanco,SF,OF,0,0,687.8,34,190,46,0.242,2,24,14,6,44,0.326,0.337,64,0.663,0
580,Jabari Blash,NYY,OF,0,0,-,28,145,32,0.221,8,21,21,1,54,0.317,0.421,61,0.738,0
581,Richard Bleier,BAL,R,0,0,-,30,69,4,0,10,0,39,15,3.91,1.25,0,,,
582,Peter Bourjos,CHC,OF,0,0,-,30,140,32,0.229,4,18,14,3,42,0.288,0.386,54,0.674,0
583,Matt Bowman,STL,R,0,0,-,26,62,4,1,14,0,52,17,3.48,1.23,0,,,
584,Brad Boxberger,ARZ,R,1,1,323.5,29,58.1,3,9,11,0,66,21,3.86,1.23,0,,,
585,Matt Boyd,DET,S,0,0,521.7,27,171.1,8,0,0,12,147,47,4.73,1.35,0,,,
586,Silvino Bracho,ARZ,R,0,0,-,25,47,2,0,6,0,55,16,4.02,1.21,0,,,
587,Steven Brault,PIT,S,0,0,663.4,25,92.2,5,0,3,3,81,35,4.37,1.38,0,,,
588,John Brebbia,STL,R,0,0,681.7,27,58.1,3,0,7,0,59,15,4.17,1.22,0,,,
589,Bryce Brentz,BOS,OF,0,0,-,29,193,47,0.244,8,23,25,0,54,0.3,0.42,81,0.72,0
590,Austin Brice,CIN,R,0,0,-,25,62,3,1,13,0,63,21,3.92,1.26,0,,,
591,Parker Bridwell,LAA,S,0,0,456.9,26,115.1,6,0,0,8,87,37,4.68,1.35,0,,,
592,Socrates Brito,ARZ,OF,0,0,700.7,25,188,48,0.255,3,22,20,4,44,0.288,0.378,71,0.666,0
593,Jaycob Brugman,BAL,OF,0,0,-,26,160,40,0.25,4,21,17,2,37,0.316,0.381,61,0.697,0
594,Clay Buchholz,PHI,S,0,0,705,33,142.2,9,0,0,11,118,46,4.29,1.34,0,,,
595,Ryan Buchter,OAK,R,0,0,676.8,31,63.2,3,0,19,0,67,28,3.68,1.26,0,,,
596,Aaron Bummer,CWS,R,0,0,-,24,50.2,2,1,16,0,49,24,4.09,1.4,0,,,
597,Corbin Burnes,MLW,S,0,0,647,23,45.1,3,0,0,3,38,14,4.17,1.3,0,,,
598,Drew Butera,KC,C,0,0,-,34,130,27,0.208,2,12,10,0,36,0.262,0.292,38,0.554,0
599,Eddie Butler,CHC,S,0,0,674,26,113,6,0,0,8,88,43,4.38,1.41,0,,,
600,Jamie Callahan,NYM,R,0,0,-,23,38.2,2,0,6,0,37,15,4.19,1.34,0,,,
601,Mark Canha,OAK,OF,0,0,-,29,140,34,0.243,5,18,17,1,36,0.314,0.414,58,0.728,0
602,Carter Capps,SD,R,0,0,617.2,27,32.2,1,1,8,0,35,12,4.13,1.32,0,,,
603,Ezequiel Carrera,TOR,OF,0,0,-,30,205,52,0.254,5,30,20,6,55,0.333,0.376,77,0.709,0
604,Andrew Cashner,BAL,S,0,0,532.3,31,151.2,7,0,0,10,102,58,5.16,1.44,0,,,
605,Santiago Casilla,OAK,R,0,0,622.2,37,56.2,2,0,11,0,57,20,4.13,1.27,0,,,
606,Ryan Castellani,COL,S,0,0,-,21,39.2,2,0,0,1,32,13,4.99,1.46,0,,,
607,Rusney Castillo,BOS,OF,0,0,-,30,171,46,0.269,4,23,20,4,31,0.308,0.398,68,0.706,0
608,Miguel Castro,BAL,S,0,0,641.7,23,113.1,6,0,0,6,101,41,4.45,1.35,0,,,
609,Jake Cave,NYY,OF,0,0,-,25,146,35,0.24,5,18,19,2,42,0.291,0.404,59,0.695,0
610,Gavin Cecchini,NYM,2B,0,0,-,24,119,31,0.261,2,15,12,1,22,0.321,0.361,43,0.682,0
611,Brett Cecil,STL,R,0,0,627.3,31,56.2,3,1,16,0,65,16,3.49,1.13,0,,,
612,Luis Cessa,NYY,S,0,0,718.2,25,73.1,4,0,0,2,61,22,4.66,1.31,0,,,
613,Jhoulys Chacin,MLW,S,0,0,356.8,30,172.2,10,0,0,13,144,64,4.53,1.37,0,,,
614,Andrew Chafin,ARZ,R,0,0,-,27,58,3,1,18,0,63,22,3.57,1.24,0,,,
615,JT Chargois,MIN,R,0,0,-,27,36,1,0,3,0,33,16,4.25,1.39,0,,,
616,Wei-Yin Chen,MIA,S,0,0,619.4,32,104.2,4,0,0,7,82,24,4.39,1.27,0,,,
617,Tony Cingrani,LA,R,0,0,704.9,28,55,3,0,13,0,63,20,3.27,1.18,0,,,
618,Taylor Clarke,ARZ,S,0,0,-,24,34.2,1,0,0,2,29,12,4.93,1.41,0,,,
619,Jason Coats,TB,OF,0,0,-,27,134,34,0.254,4,16,15,1,32,0.308,0.396,53,0.704,0
620,A.J. Cole,WAS,S,0,0,568.7,26,112.1,7,0,1,6,101,40,4.33,1.34,0,,,
621,Bartolo Colon,TEX,S,0,0,683.4,44,122,6,0,0,9,76,24,4.94,1.34,0,,,
622,Adam Conley,MIA,S,0,0,659.4,27,143,6,0,0,10,124,54,4.59,1.38,0,,,
623,Garrett Cooper,MIA,1B,0,0,655,27,178,46,0.258,5,20,21,0,42,0.311,0.41,73,0.721,0
624,Franchy Cordero,SD,OF,0,0,549.5,23,199,46,0.231,6,26,20,7,70,0.284,0.402,80,0.686,0
625,Allen Cordoba,SD,"SS,OF",0,0,691.6,22,94,22,0.234,1,11,7,2,20,0.294,0.319,30,0.613,0
626,Jharel Cotton,OAK,S,0,0,395.8,26,119.2,7,0,2,8,108,32,4.51,1.27,1,,,
627,Kaleb Cowart,LAA,"2B,3B",0,0,-,25,96,21,0.219,2,11,10,3,28,0.29,0.354,34,0.644,0
628,Kyle Crick,PIT,R,0,0,686.8,25,51,2,0,7,0,52,24,4.24,1.37,0,,,
629,John Curtiss,MIN,R,0,0,739,24,34.1,1,0,3,0,37,15,4.46,1.37,0,,,
630,J.D. Davis,HOU,3B,0,0,-,24,167,40,0.24,8,22,23,1,54,0.297,0.431,72,0.728,0
631,Rookie Davis,CIN,S,0,0,-,24,73.2,3,0,2,2,60,21,4.64,1.33,0,,,
632,Alejandro De Aza,WAS,OF,0,0,-,33,157,38,0.242,3,20,15,2,43,0.314,0.357,56,0.671,0
633,Jose De Leon,TB,S,0,0,523.3,25,76,4,1,2,3,73,28,4.26,1.32,0,,,
634,Randall Delgado,ARZ,R,0,0,742,28,64.2,4,1,8,0,66,22,3.76,1.28,0,,,
635,Daniel Descalso,ARZ,"1B,2B,OF",0,0,641.3,31,237,56,0.236,6,30,27,2,59,0.323,0.367,87,0.69,0
636,Elias Diaz,PIT,C,0,0,681,27,170,42,0.247,2,17,17,1,34,0.295,0.347,59,0.642,0
637,Miguel Diaz,SD,R,0,0,-,23,51,2,0,1,2,45,23,4.59,1.43,0,,,
638,Yandy Diaz,CLE,3B,0,0,501,26,214,59,0.276,4,31,25,2,45,0.361,0.388,83,0.749,1
639,Alex Dickerson,SD,OF,0,0,618.2,27,184,48,0.261,7,22,25,1,42,0.324,0.44,81,0.764,0
640,Jake Diekman,TEX,R,0,0,618.4,31,59,3,9,16,0,68,30,3.66,1.34,1,,,
641,Oliver Drake,MLW,R,0,0,-,31,60,3,0,7,0,67,25,3.9,1.32,0,,,
642,Stephen Drew,WAS,SS,0,0,747,34,212,51,0.241,7,27,26,0,50,0.315,0.401,85,0.716,0
643,Mauricio Dubon,MLW,SS,0,0,663,23,101,26,0.257,2,13,10,5,20,0.306,0.376,38,0.682,0
644,Tyler Duffey,MIN,R,0,0,680.5,27,69.2,3,1,7,0,64,15,4.13,1.19,0,,,
645,Steven Duggar,SF,OF,0,0,620.3,24,222,54,0.243,4,31,19,7,66,0.319,0.374,83,0.693,0
646,Sam Dyson,SF,R,0,0,510.2,29,66.2,4,2,18,0,49,25,4.05,1.39,0,,,
647,Zach Eflin,PHI,S,0,0,726.3,23,80.2,3,0,0,4,52,17,5.13,1.36,0,,,
648,Brian Ellington,MIA,R,0,0,-,27,46.2,3,0,8,0,54,23,3.86,1.33,0,,,
649,A.J. Ellis,SD,C,0,0,-,36,115,26,0.226,3,11,12,0,26,0.328,0.339,39,0.667,0
650,Adam Engel,CWS,OF,0,0,-,26,155,35,0.226,4,21,14,6,45,0.297,0.368,57,0.665,0
651,Nathan Eovaldi,TB,S,0,0,566.1,28,134.2,7,0,2,9,113,46,4.34,1.33,0,,,
652,Tyler Eppler,PIT,S,0,0,-,25,62.1,3,0,0,4,42,16,4.62,1.36,0,,,
653,Phillip Ervin,CIN,OF,0,0,643.7,25,163,39,0.239,5,23,18,9,43,0.317,0.387,63,0.704,0
654,Danny Espinosa,NYY,2B,0,0,-,30,252,53,0.21,10,31,29,3,91,0.282,0.369,93,0.651,0
655,Carlos Estevez,COL,R,0,0,-,25,63.2,4,0,11,0,65,26,4.24,1.4,0,,,
656,Buck Farmer,DET,S,0,0,672.5,26,111.2,5,1,1,5,106,34,4.59,1.37,0,,,
657,Erick Fedde,WAS,S,0,0,620.3,24,68,4,0,0,4,53,22,4.37,1.35,0,,,
658,Neftali Feliz,ARZ,R,0,0,611.1,29,58.1,3,2,16,0,56,22,4.01,1.25,0,,,
659,Josh Fields,LA,R,0,0,662.4,32,62.2,3,0,11,0,73,19,3.59,1.16,0,,,
660,Mike Fiers,DET,S,0,0,527,32,166,8,0,0,11,151,51,4.72,1.33,0,,,
661,Brandon Finnegan,CIN,S,0,0,442.8,24,161.1,8,0,0,11,146,76,4.57,1.45,0,,,
662,Doug Fister,TEX,S,0,0,554.5,34,173.2,11,0,0,12,129,55,4.56,1.37,0,,,
663,Jack Flaherty,STL,S,1,0,367,22,108.2,7,0,0,8,99,33,4.14,1.29,0,,,
664,Ryan Flaherty,PHI,2B,0,0,-,31,140,31,0.221,4,16,15,1,38,0.295,0.364,51,0.659,0
665,Chris Flexen,NYM,S,0,0,731.8,23,71.1,3,0,1,3,61,26,4.54,1.39,0,,,
666,Nick Franklin,MLW,OF,0,0,-,26,136,33,0.243,5,17,18,3,36,0.311,0.419,57,0.73,0
667,Clint Frazier,NYY,OF,1,0,477.4,23,192,47,0.245,8,26,27,4,56,0.311,0.448,86,0.759,0
668,Kyle Freeland,COL,S,0,0,544.8,24,173.1,11,0,0,12,129,51,4.52,1.4,0,,,
669,Max Fried,ATL,S,0,0,531.5,24,76.2,3,0,1,5,66,34,4.46,1.43,0,,,
670,Carson Fulmer,CWS,S,0,0,497.4,24,138.2,6,0,0,8,121,65,5.06,1.49,0,,,
671,Yovani Gallardo,MLW,S,0,0,659.6,31,83,4,0,0,3,62,33,5.1,1.48,0,,,
672,Zac Gallen,MIA,S,0,0,-,22,97.1,4,0,0,6,74,33,4.53,1.39,0,,,
673,John Gant,STL,S,0,0,-,25,93.1,5,0,1,5,82,33,4.24,1.36,0,,,
674,Bryan Garcia,DET,R,0,0,-,22,22,0,0,1,0,21,11,4.91,1.5,0,,,
675,Greg Garcia,STL,"2B,3B",0,0,711.5,28,210,52,0.248,3,28,18,2,49,0.351,0.343,72,0.694,0
676,Jarlin Garcia,MIA,S,0,0,591.5,25,90.1,4,0,13,2,76,29,4.28,1.33,0,,,
677,Luis Garcia,PHI,R,0,0,641.8,31,67.1,3,2,12,0,62,24,3.61,1.29,0,,,
678,Nick Gardewine,TEX,R,0,0,-,24,29.2,1,0,2,0,29,11,4.25,1.31,0,,,
679,Amir Garrett,CIN,S,0,0,626.8,25,117.1,6,1,3,4,106,47,4.6,1.39,0,,,
680,Cory Gearrin,SF,R,0,0,658.7,31,60.2,3,0,9,0,55,21,3.41,1.22,0,,,
681,Domingo German,NYY,R,0,0,643.3,25,43.1,2,0,1,0,42,15,4.15,1.27,0,,,
682,Kyle Gibson,MIN,S,0,0,455.3,30,165,9,0,0,12,133,54,4.64,1.36,0,,,
683,Austin Gomber,STL,S,0,0,-,25,59.2,4,0,0,3,51,23,4.22,1.37,0,,,
684,Stephen Gonsalves,MIN,S,0,0,585.5,23,76,3,0,0,5,70,29,4.86,1.39,0,,,
685,Marco Gonzales,SEA,S,0,0,640.5,26,135.2,6,0,0,9,111,42,4.78,1.35,0,,,
686,Miguel Gonzalez,CWS,S,0,0,681.1,33,157.2,8,0,0,12,108,49,4.68,1.36,0,,,
687,Brian Goodwin,WAS,OF,1,0,563.6,27,201,50,0.249,8,28,27,5,56,0.317,0.433,87,0.75,0
688,Nick Goody,CLE,R,0,0,616.8,26,59.1,3,0,11,0,76,22,3.34,1.18,1,,,
689,Daniel Gossett,OAK,S,0,0,675.3,25,87,4,0,0,5,69,27,4.76,1.38,0,,,
690,Zack Granite,MIN,OF,0,0,-,25,158,43,0.272,2,27,15,7,20,0.337,0.367,58,0.704,0
691,Justin Grimm,CHC,R,0,0,-,29,59.1,3,0,7,0,68,25,3.94,1.3,0,,,
692,Robbie Grossman,MIN,"OF,DH",0,0,-,28,229,55,0.24,6,34,25,2,66,0.346,0.367,84,0.713,1
693,Robert Gsellman,NYM,S,0,0,554.3,24,102,5,0,3,4,76,32,4.5,1.41,0,,,
694,Junior Guerra,MLW,S,0,0,664,33,153.1,9,0,0,11,142,54,4.46,1.36,0,,,
695,Vladimir Guerrero Jr.,TOR,3B,0,0,546.8,18,77,20,0.26,2,10,9,1,16,0.318,0.39,30,0.708,0
696,Franklin Gutierrez,LA,OF,0,0,-,34,145,34,0.235,6,17,19,0,47,0.304,0.407,59,0.711,0
697,Brandon Guyer,CLE,OF,0,0,-,32,195,50,0.256,4,28,22,2,43,0.345,0.379,74,0.724,0
698,Ronald Guzman,TEX,1B,0,0,-,23,141,35,0.248,4,16,17,1,34,0.301,0.39,55,0.691,0
699,Jason Hammel,KC,S,0,0,536.9,35,169.2,8,0,0,12,140,48,4.67,1.34,0,,,
700,Alen Hanson,SF,"2B,OF",0,0,638.1,25,132,32,0.242,2,16,11,8,27,0.289,0.356,47,0.645,0
701,J.J. Hardy,BAL,SS,0,0,-,35,327,78,0.239,7,34,33,0,65,0.285,0.355,116,0.64,0
702,Chris Hatcher,OAK,R,0,0,603.4,33,62.2,3,1,12,0,65,22,4.02,1.32,0,,,
703,Jeremy Hazelbaker,ARZ,OF,0,0,643.1,30,193,47,0.244,7,23,27,5,62,0.303,0.43,83,0.733,0
704,Ben Heller,NYY,R,0,0,-,26,35,1,0,1,0,38,14,4.11,1.29,0,,,
705,Jeremy Hellickson,BAL,S,0,0,631.3,30,179,10,0,0,13,140,51,4.32,1.3,3.86,,,
706,Heath Hembree,BOS,R,0,0,-,29,64,4,0,10,0,70,20,3.66,1.22,0,,,
707,Liam Hendriks,OAK,R,0,0,654.8,29,67.1,4,1,11,0,73,16,3.74,1.19,0,,,
708,Guillermo Heredia,SEA,OF,0,0,-,27,272,69,0.254,4,34,24,3,47,0.326,0.346,94,0.672,0
709,Jimmy Herget,CIN,R,0,0,-,24,27.2,1,0,2,0,28,11,4.23,1.34,0,,,
710,Enrique Hernandez,LA,"SS,OF",0,0,526.9,26,224,54,0.241,8,29,28,2,57,0.312,0.411,92,0.723,0
711,Gorkys Hernandez,SF,OF,0,0,732,30,174,42,0.241,2,21,14,6,42,0.304,0.339,59,0.643,0
712,Marco Hernandez,BOS,3B,0,0,-,25,212,54,0.255,3,26,21,3,50,0.29,0.354,75,0.644,0
713,Chris Herrmann,ARZ,"C,OF",0,0,510.5,30,165,37,0.224,6,21,20,2,52,0.31,0.388,64,0.698,0
714,John Hicks,DET,"C,1B",0,0,-,28,189,48,0.254,8,21,24,1,55,0.297,0.434,82,0.731,0
715,Jeff Hoffman,COL,S,0,0,602.9,25,137.2,8,0,1,8,124,49,4.77,1.42,0,,,
716,Jonathan Holder,NYY,R,0,0,-,24,45.2,3,0,3,0,48,13,3.74,1.18,0,,,
717,Derek Holland,SF,S,0,0,569.6,31,98,5,0,3,4,77,29,4.32,1.33,0,,,
718,Clay Holmes,PIT,S,0,0,-,24,61,3,0,0,4,45,30,4.72,1.52,0,,,
719,Grant Holmes,OAK,S,0,0,-,21,44.2,1,0,2,1,45,21,4.43,1.41,0,,,
720,Brock Holt,BOS,2B,0,0,-,29,261,67,0.257,3,39,25,4,56,0.329,0.349,91,0.678,0
721,James Hoyt,HOU,R,0,0,721.6,31,56,3,0,6,0,72,19,3.54,1.2,0,,,
722,Chih-Wei Hu,TB,R,0,0,-,24,52,3,3,13,0,53,14,3.63,1.17,0,,,
723,Dakota Hudson,STL,S,0,0,-,23,35.1,1,0,0,2,24,15,4.84,1.5,0,,,
724,Daniel Hudson,PIT,R,0,0,650.5,30,64.1,4,2,18,0,66,23,3.78,1.31,0,,,
725,Jared Hughes,CIN,R,0,0,694.5,32,62,3,0,10,0,48,22,3.48,1.29,0,,,
726,Phil Hughes,MIN,S,0,0,729.8,31,72.1,3,0,0,2,51,14,5.1,1.34,0,,,
727,Nick Hundley,SF,C,0,0,510.6,34,185,43,0.232,5,18,20,1,51,0.285,0.368,68,0.653,0
728,Gregory Infante,CWS,R,0,0,694.6,30,56,2,0,9,0,53,27,4.5,1.41,0,,,
729,Hisashi Iwakuma,SEA,S,0,0,665.7,36,72.1,3,0,0,5,51,17,4.73,1.27,0,,,
730,Travis Jankowski,SD,OF,0,0,661.1,26,157,39,0.248,1,22,10,9,39,0.324,0.319,50,0.643,0
731,Jeremy Jeffress,MLW,R,0,0,602.2,30,61.1,3,0,11,0,51,21,3.82,1.34,0,,,
732,Dan Jennings,TB,R,0,0,633.2,30,60.2,3,0,12,0,50,24,3.41,1.34,0,,,
733,Eloy Jimenez,CWS,OF,0,0,418.3,21,128,33,0.258,4,15,16,1,32,0.304,0.422,54,0.726,0
734,Joe Jimenez,DET,R,0,0,578.6,23,48.1,2,5,11,0,52,20,4.28,1.39,0,,,
735,Ubaldo Jimenez,BAL,S,0,0,750,34,103.2,5,1,4,2,97,45,4.51,1.43,0,,,
736,Brian Johnson,BOS,S,0,0,720,27,98.2,5,0,6,3,86,30,4.47,1.32,0,,,
737,Jim Johnson,LAA,R,0,0,557.4,34,61.1,3,2,13,0,57,20,3.96,1.32,0,,,
738,Micah Johnson,TB,OF,0,0,-,27,129,30,0.233,1,16,10,5,37,0.303,0.31,40,0.613,0
739,JaCoby Jones,DET,OF,0,0,-,25,183,40,0.219,5,20,19,5,69,0.276,0.366,67,0.642,0
740,Felix Jorge,MIN,S,0,0,-,24,53.1,2,0,0,3,35,13,4.89,1.37,0,,,
741,Tommy Joseph,PHI,1B,0,0,543.3,26,201,49,0.244,9,23,27,0,49,0.297,0.428,86,0.725,0
742,Jake Junis,KC,S,0,0,384.7,25,164.1,8,0,0,12,138,42,4.55,1.3,1.18,,,
743,James Kaprielian,OAK,S,0,0,-,23,51,3,0,0,3,44,18,4.24,1.35,0,,,
744,Scott Kazmir,ATL,S,0,0,665.6,34,78.1,4,0,0,5,70,25,4.37,1.33,0,,,
745,Mitch Keller,PIT,S,0,0,530.2,21,41.1,2,0,0,2,38,15,4.14,1.33,0,,,
746,Shawn Kelley,WAS,R,0,0,701.5,33,49.1,2,0,8,0,59,16,3.83,1.22,0,,,
747,Carson Kelly,STL,C,0,0,534.4,23,134,34,0.254,3,16,14,0,28,0.331,0.366,49,0.697,0
748,Tony Kemp,HOU,OF,0,0,-,26,176,47,0.267,3,28,18,6,28,0.326,0.392,69,0.718,0
749,Ian Kennedy,KC,S,0,0,456.6,33,181,9,0,0,13,168,62,4.62,1.33,1.07,,,
750,Franklyn Kilome,PHI,S,0,0,-,22,23.2,0,0,0,0,20,12,5.32,1.61,0,,,
751,Nick Kingham,PIT,S,0,0,713,26,65.1,3,0,0,4,56,19,4.27,1.3,0,,,
752,Brandon Kintzler,WAS,R,0,0,472,33,65.2,3,0,14,0,42,14,3.7,1.23,0,,,
753,Patrick Kivlehan,CIN,OF,0,0,678.8,28,126,29,0.23,6,15,17,1,40,0.29,0.421,53,0.711,0
754,Andrew Knapp,PHI,C,0,0,643,26,140,35,0.25,5,17,17,0,37,0.321,0.421,59,0.742,0
755,Tom Koehler,LA,S,0,0,723,31,102.2,5,1,2,2,99,40,4.12,1.33,0,,,
756,George Kontos,PIT,R,0,0,695.9,32,69.1,5,0,9,0,61,22,3.5,1.21,0,,,
757,Michael Kopech,CWS,S,0,0,319.1,21,61,3,0,0,3,67,32,4.43,1.43,0,,,
758,Tommy La Stella,CHC,"2B,3B",0,0,674.7,29,181,49,0.271,4,26,25,1,27,0.35,0.409,74,0.759,0
759,Eric Lauer,SD,S,0,0,-,22,49.1,3,0,0,3,43,17,4.38,1.34,0,,,
760,Derek Law,SF,R,0,0,698.7,27,66.1,4,1,14,0,66,19,3.66,1.24,0,,,
761,Jose Leclerc,TEX,R,0,0,592.4,24,56.2,3,1,12,0,73,37,3.81,1.41,0,,,
762,Mark Leiter,PHI,S,0,0,558.1,26,86,4,0,1,2,74,25,4.71,1.34,0,,,
763,Sandy Leon,BOS,C,0,0,544.5,28,176,42,0.239,4,20,18,0,43,0.301,0.352,62,0.653,0
764,Tzu-Wei Lin,BOS,2B,0,0,-,24,112,27,0.241,1,14,9,2,24,0.303,0.321,36,0.624,0
765,Francisco Liriano,HOU,S,0,0,661.5,34,154.1,9,0,0,11,146,71,4.32,1.39,0,,,
766,Zack Littell,MIN,S,0,0,-,22,35.2,2,0,0,2,28,11,4.54,1.35,0,,,
767,Ben Lively,PHI,S,0,0,610.2,25,143,7,0,0,10,110,35,4.59,1.3,0,,,
768,Jose Lobaton,NYM,C,0,0,690,33,96,20,0.208,2,9,7,0,25,0.287,0.302,29,0.589,0
769,Michael Lorenzen,CIN,R,0,0,583.3,26,72.2,5,4,17,0,68,23,3.72,1.27,0,,,
770,Jordan Luplow,PIT,OF,0,0,677.3,24,227,56,0.247,9,27,29,3,55,0.311,0.423,96,0.734,0
771,Tyler Lyons,STL,R,1,1,421.3,29,60.2,3,5,20,0,70,19,3.26,1.14,0,,,
772,Austin Maddox,BOS,R,0,0,551,26,47,1,0,4,0,44,17,4.21,1.28,0,,,
773,Tyler Mahle,CIN,S,0,0,413.2,23,101.1,5,0,0,7,82,27,4.44,1.28,0,,,
774,Kazuhisa Makita,SD,R,0,0,560.7,33,61.1,2,0,12,0,40,13,3.96,1.26,0,,,
775,Dillon Maples,CHC,R,0,0,706.5,25,32.1,2,0,2,0,41,20,3.9,1.42,0,,,
776,German Marquez,COL,S,0,0,338.1,22,170.1,11,0,0,12,150,46,4.44,1.33,0,,,
777,Deven Marrero,BOS,3B,0,0,-,27,128,28,0.219,2,18,12,3,38,0.279,0.313,40,0.592,0
778,Jefry Marte,LAA,1B,0,0,-,26,162,38,0.235,7,19,20,2,40,0.309,0.407,66,0.716,0
779,Francis Martes,HOU,S,0,0,601.1,22,76.1,5,0,3,3,82,31,4.01,1.32,0,,,
780,Jeff Mathis,ARZ,C,0,0,719.6,34,184,37,0.201,3,16,15,1,63,0.264,0.304,56,0.568,0
781,Phil Maton,SD,R,0,0,628.8,24,64.2,4,2,19,0,73,22,3.62,1.22,0,,,
782,Trevor May,MIN,R,0,0,668.7,28,50.1,4,1,11,0,56,18,3.93,1.25,0,,,
783,Zach McAllister,CLE,R,0,0,651.9,30,64,3,0,7,0,66,21,3.8,1.23,0,,,
784,Joe McCarthy,TB,1B,0,0,-,23,112,29,0.259,3,15,13,2,23,0.333,0.411,46,0.744,0
785,Jake McGee,COL,R,0,0,525.1,31,59.1,2,2,18,0,61,16,3.64,1.23,0,,,
786,Austin Meadows,PIT,OF,0,0,500.2,22,193,48,0.249,5,23,22,6,45,0.305,0.394,76,0.699,0
787,Adalberto Mejia,MIN,S,0,0,569.3,24,121.2,7,0,0,8,109,36,4.59,1.31,0,,,
788,Keury Mella,CIN,R,0,0,-,24,53.1,2,0,5,1,48,21,4.39,1.37,0,,,
789,Yohander Mendez,TEX,S,0,0,646.1,23,88.1,5,0,0,6,74,27,4.58,1.32,0,,,
790,Daniel Mengden,OAK,S,0,0,411.3,25,164.1,9,0,0,12,141,49,4.55,1.33,1,,,
791,Ryan Merritt,CLE,S,0,0,653,25,94,5,0,1,4,56,19,4.5,1.3,0,,,
792,Alex Meyer,LAA,S,0,0,579,28,23.1,1,0,0,1,24,13,4.63,1.46,0,,,
793,Wade Miley,MLW,S,0,0,666.9,31,148.1,8,0,0,11,129,47,4.43,1.36,0,,,
794,Shelby Miller,ARZ,S,0,0,670.6,27,69,3,0,0,4,63,29,4.57,1.41,0,,,
795,Alec Mills,CHC,S,0,0,-,26,66.2,4,0,0,4,60,19,3.92,1.24,0,,,
796,Juan Minaya,CWS,R,0,0,340.6,27,59,3,2,11,0,62,26,4.27,1.36,0,,,
797,Ariel Miranda,SEA,S,0,0,554.5,29,93,4,0,0,1,82,32,4.35,1.33,0,,,
798,Bryan Mitchell,SD,S,0,0,517.3,26,142.1,7,0,1,10,100,53,4.55,1.41,0,,,
799,Frankie Montas,OAK,R,0,0,654.6,24,55.1,2,0,5,0,65,23,3.9,1.3,0,,,
800,Rafael Montero,NYM,S,0,0,622.6,27,101.2,5,0,1,4,94,37,4.43,1.37,0,,,
801,Andrew Moore,SEA,S,0,0,641.7,23,78.1,4,0,0,5,57,15,4.71,1.28,0,,,
802,Matt Moore,TEX,S,0,0,450.8,28,164.2,7,0,0,11,139,61,4.92,1.41,0,,,
803,Tyler Moore,MIA,1B,0,0,-,31,128,29,0.227,4,13,17,0,37,0.275,0.375,48,0.65,0
804,Adam Morgan,PHI,R,0,0,683,27,61.2,4,1,19,0,71,19,3.79,1.22,0,,,
805,Max Moroff,PIT,2B,0,0,693.9,24,126,28,0.222,4,17,14,2,42,0.322,0.373,47,0.695,0
806,Reyes Moronta,SF,R,0,0,-,25,38.2,2,0,5,0,46,18,3.72,1.29,0,,,
807,Taylor Motter,SEA,"2B,SS,OF",0,0,-,28,177,43,0.243,6,24,21,7,41,0.308,0.396,70,0.704,0
808,Gabriel Moya,MIN,R,0,0,717.6,23,43,3,0,8,0,44,13,3.77,1.21,0,,,
809,Mike Napoli,TEX,"1B,DH",0,0,550.8,36,215,47,0.219,12,30,33,1,79,0.323,0.437,94,0.76,1
810,Omar Narvaez,CWS,C,0,0,-,26,147,38,0.259,2,18,14,0,24,0.333,0.34,50,0.673,0
811,Daniel Nava,PIT,OF,0,0,675,34,201,50,0.249,4,27,20,1,49,0.343,0.353,71,0.696,0
812,Nick Neidert,MIA,S,0,0,-,21,53,2,0,0,2,38,15,5.09,1.42,0,,,
813,Jimmy Nelson,MLW,S,1,1,297.9,28,96,7,0,0,8,98,34,4.03,1.28,0,,,
814,Pat Neshek,PHI,R,0,0,505.4,37,59,3,0,19,0,55,12,3.2,1.08,0,,,
815,Dovydas Neverauskas,PIT,R,0,0,-,25,39,1,0,4,0,33,16,4.38,1.41,0,,,
816,Sean Newcomb,ATL,S,0,0,323.1,24,163.1,9,0,0,12,175,83,4.24,1.41,0,,,
817,Brett Nicholas,TEX,C,0,0,-,29,122,31,0.254,4,14,15,0,30,0.298,0.402,49,0.7,0
818,Tomas Nido,NYM,C,0,0,-,23,60,13,0.217,1,5,4,0,14,0.254,0.3,18,0.554,0
819,Kirk Nieuwenhuis,SEA,OF,0,0,-,30,191,41,0.215,7,24,21,4,73,0.311,0.372,71,0.683,0
820,Ricky Nolasco,LAA,S,0,0,686.4,35,175.1,8,0,0,12,138,46,4.83,1.36,0,,,
821,Bud Norris,STL,R,0,0,596.2,32,64,4,7,12,0,70,26,3.94,1.34,0,,,
822,Renato Nunez,OAK,OF,0,0,-,23,142,32,0.225,7,16,18,0,39,0.275,0.416,59,0.691,0
823,Tyler O'Neill,STL,OF,0,0,637.7,22,121,28,0.231,5,14,16,2,40,0.293,0.422,51,0.715,0
824,Seung Hwan Oh,STL,R,0,0,460.4,35,60.1,3,6,12,0,60,12,4.03,1.18,0,,,
825,Tyler Olson,CLE,R,0,0,663,28,53.2,2,0,12,0,53,18,3.86,1.27,0,,,
826,Paulo Orlando,KC,OF,0,0,-,32,187,46,0.246,4,21,17,4,45,0.276,0.374,70,0.65,0
827,Luis Ortiz,MLW,S,0,0,731.3,22,48.2,2,0,0,2,41,18,4.81,1.42,0,,,
828,Jose Osuna,PIT,"1B,OF",0,0,650.4,25,226,59,0.261,6,27,30,1,44,0.307,0.403,91,0.71,0
829,Dan Otero,CLE,R,1,0,-,33,69.2,4,0,3,0,46,11,3.36,1.21,0,,,
830,Adam Ottavino,COL,R,0,0,635.4,32,62.1,3,1,12,0,70,23,4.04,1.28,0,,,
831,Emilio Pagan,OAK,R,0,0,571,26,58.1,4,0,6,0,63,16,3.7,1.18,0,,,
832,Jarrett Parker,SF,OF,0,0,680.7,29,198,48,0.242,7,24,26,2,59,0.318,0.419,83,0.737,0
833,Jordan Patterson,COL,OF,0,0,-,26,104,28,0.269,4,14,15,1,27,0.33,0.462,48,0.792,0
834,David Paulino,HOU,S,0,0,584.2,24,53,3,0,0,2,55,15,4.08,1.23,0,,,
835,Wandy Peralta,CIN,R,0,0,720.5,26,63,4,3,22,0,68,25,3.57,1.27,0,,,
836,Wily Peralta,KC,R,0,0,627,28,70,3,1,8,0,71,26,3.99,1.33,0,,,
837,Luis Perdomo,SD,S,0,0,504.8,24,174,10,0,0,14,132,52,4.14,1.34,0,,,
838,Carlos Perez,LAA,C,0,0,-,27,166,41,0.247,3,18,18,1,33,0.304,0.355,59,0.659,0
839,Franklin Perez,DET,S,0,0,668.9,20,37.2,1,0,0,2,33,15,4.78,1.43,0,,,
840,Martin Perez,TEX,S,0,0,636.3,26,142,8,0,0,10,92,46,4.75,1.43,0,,,
841,Dillon Peters,MIA,S,0,0,536.2,25,136.2,7,0,0,11,116,45,3.95,1.32,0,,,
842,David Phelps,SEA,R,0,0,672.2,31,60.2,4,1,16,0,65,23,3.41,1.25,0,,,
843,Brett Phillips,MLW,OF,0,0,491.8,23,162,37,0.228,7,20,21,5,60,0.311,0.426,69,0.737,0
844,Chad Pinder,OAK,"SS,OF",1,0,446,25,294,68,0.231,11,34,36,3,91,0.283,0.408,120,0.691,0
845,Michael Pineda,MIN,S,0,0,670,29,21,1,0,0,1,21,6,4.29,1.24,0,,,
846,Nick Pivetta,PHI,S,0,0,436.2,25,146.1,8,0,0,10,148,59,4.49,1.37,0,,,
847,Dalton Pompey,TOR,OF,0,0,-,25,131,32,0.244,2,17,12,5,33,0.306,0.344,45,0.65,0
848,Max Povse,SEA,R,0,0,-,24,30.1,1,0,3,0,27,10,4.15,1.32,0,,,
849,Ryan Pressly,MIN,R,0,0,644.4,29,67.1,5,1,14,0,69,19,3.74,1.2,0,,,
850,Austin Pruitt,TB,R,1,0,674.5,28,70.1,4,0,3,2,63,15,3.97,1.19,0,,,
851,A.J. Puk,OAK,S,0,0,504.6,22,49,2,0,0,3,48,20,4.41,1.37,0,,,
852,Cal Quantrill,SD,S,0,0,660.3,23,75,4,0,0,5,68,27,4.44,1.36,0,,,
853,Roman Quinn,PHI,OF,0,0,644.2,24,135,34,0.252,2,20,11,11,36,0.32,0.348,47,0.668,0
854,Jose Ramirez,CLE,"2B,3B",28,29,-,25,590,177,0.3,22,93,97,15,79,0.36,0.492,290,0.852,27.14
855,Edubray Ramos,PHI,R,0,0,683.9,25,65,4,0,14,0,71,21,3.74,1.23,0,,,
856,Raudy Read,WAS,C,0,0,-,24,58,14,0.241,2,6,7,0,14,0.279,0.397,23,0.676,0
857,A.J. Reed,HOU,1B,0,0,-,24,169,41,0.243,9,24,25,0,53,0.326,0.456,77,0.782,0
858,Cody Reed,CIN,S,0,0,707.1,24,85,4,0,4,3,86,34,4.24,1.35,0,,,
859,Rob Refsnyder,CLE,2B,0,0,-,26,190,50,0.263,3,27,22,3,41,0.338,0.379,72,0.717,0
860,Sean Reid-Foley,TOR,S,0,0,-,22,62.2,2,0,0,3,54,27,5.03,1.45,0,,,
861,Mark Reynolds,COL,1B,0,0,400.6,34,255,60,0.235,9,31,32,1,84,0.318,0.388,99,0.706,0
862,Matt Reynolds,WAS,3B,0,0,-,27,119,28,0.235,2,14,12,2,32,0.303,0.353,42,0.656,0
863,Clayton Richard,SD,S,0,0,501.1,34,141.1,7,0,1,8,92,41,4.46,1.41,0,,,
864,Trevor Richards,MIA,S,0,0,-,24,74.2,3,0,0,5,65,22,3.98,1.3,0,,,
865,Joey Rickard,BAL,OF,0,0,-,26,208,53,0.255,4,29,19,7,45,0.319,0.37,77,0.689,0
866,Austin Riley,ATL,3B,0,0,628.5,20,83,19,0.229,3,9,10,0,27,0.286,0.386,32,0.672,0
867,T.J. Rivera,NYM,"1B,3B",0,0,636,29,180,47,0.261,4,20,20,1,33,0.309,0.378,68,0.687,0
868,Daniel Robertson,TB,"2B,SS",0,0,-,23,142,33,0.232,4,18,15,1,40,0.321,0.373,53,0.694,0
869,Drew Robinson,TEX,"3B,OF",0,0,-,25,185,44,0.238,8,27,25,4,60,0.324,0.422,78,0.746,0
870,Hansel Robles,NYM,R,0,0,669,27,60,4,0,8,0,62,22,4.2,1.32,0,,,
871,Sean Rodriguez,PIT,OF,0,0,615.3,32,203,46,0.227,7,28,22,1,66,0.306,0.389,79,0.695,0
872,Taylor Rogers,MIN,R,0,0,604,27,57.1,3,1,24,0,50,19,3.77,1.31,0,,,
873,Miguel Rojas,MIA,SS,0,0,695.4,28,281,71,0.253,2,31,23,3,41,0.312,0.327,92,0.639,0
874,Sal Romano,CIN,S,0,0,643.8,24,58,3,0,3,2,47,20,4.5,1.38,0,,,
875,Enny Romero,WAS,R,0,0,686,27,59,3,1,12,0,70,24,3.81,1.27,0,,,
876,Fernando Romero,MIN,S,0,0,665.1,23,58.1,3,0,0,4,50,22,4.47,1.37,0,,,
877,Andrew Romine,SEA,"IF,OF",0,0,-,32,165,39,0.236,2,19,14,5,37,0.291,0.321,53,0.612,0
878,Austin Romine,NYY,C,0,0,-,29,152,34,0.224,3,16,16,0,37,0.274,0.329,50,0.603,0
879,Sergio Romo,TB,R,0,0,672.8,34,57,3,0,10,0,59,16,3.79,1.14,0,,,
880,Bruce Rondon,CWS,R,0,0,693,27,48.1,2,0,6,0,59,23,4.28,1.41,0,,,
881,Adam Rosales,PHI,SS,0,0,-,34,168,36,0.214,5,18,18,2,56,0.285,0.357,60,0.642,0
882,Trevor Rosenthal,STL,R,0,0,599.4,27,9.2,0,0,2,0,12,5,3.72,1.45,0,,,
883,Joe Ross,WAS,S,0,0,685.3,24,23,1,0,0,1,22,7,3.91,1.26,0,,,
884,Tyson Ross,SD,S,0,0,601,30,145.2,7,0,0,10,125,60,4.45,1.41,0,,,
885,Ryan Rua,TEX,"1B,OF",0,0,-,27,113,27,0.239,4,16,13,2,38,0.315,0.398,45,0.713,0
886,Carlos Ruiz,SEA,C,0,0,-,39,136,31,0.228,2,13,11,1,31,0.321,0.316,43,0.637,0
887,Rio Ruiz,ATL,3B,0,0,660.5,23,227,56,0.247,9,29,29,1,62,0.322,0.427,97,0.749,0
888,Chris Rusin,COL,R,0,0,626.9,31,76,5,1,7,0,65,21,4.03,1.32,0,,,
889,Hyun-Jin Ryu,LA,S,1,0,342,30,119,7,0,0,8,108,35,4.16,1.29,0,,,
890,Tyler Saladino,CWS,"2B,3B",0,0,-,28,216,52,0.241,5,27,21,7,48,0.301,0.37,80,0.671,0
891,Adrian Sanchez,WAS,2B,0,0,-,27,140,33,0.236,1,15,11,2,30,0.27,0.321,45,0.591,0
892,Anibal Sanchez,MIN,S,0,0,685.8,33,126,6,0,0,8,112,37,4.71,1.33,0,,,
893,Pablo Sandoval,SF,3B,0,0,677.1,31,221,58,0.262,6,23,29,0,42,0.313,0.403,89,0.716,0
894,Danny Santana,ATL,OF,0,0,689.7,27,153,38,0.248,3,19,16,6,37,0.284,0.386,59,0.67,0
895,Edgar Santana,PIT,R,0,0,-,26,56.2,3,1,11,0,59,19,3.49,1.24,0,,,
896,Anthony Santander,BAL,OF,0,0,-,23,120,29,0.242,4,13,14,1,32,0.287,0.392,47,0.679,0
897,Luis Sardinas,BAL,2B,0,0,-,24,177,44,0.249,3,18,18,3,36,0.283,0.35,62,0.633,0
898,Ryan Schimpf,TB,3B,0,0,-,29,222,46,0.207,13,32,33,1,85,0.307,0.428,95,0.735,0
899,Jaime Schultz,TB,S,0,0,651.9,26,48.2,3,0,7,0,57,23,3.88,1.32,0,,,
900,Tanner Scott,BAL,R,0,0,683.4,23,30.1,2,0,3,0,36,20,4.15,1.48,0,,,
901,Antonio Senzatela,COL,S,0,0,650.6,23,113,7,0,3,3,87,32,4.62,1.4,0,,,
902,Nick Senzel,CIN,3B,0,0,371.2,22,163,41,0.252,6,20,22,3,43,0.324,0.43,70,0.754,0
903,Pedro Severino,WAS,C,0,0,651.8,24,175,40,0.229,4,18,16,1,43,0.284,0.331,58,0.615,0
904,Paul Sewald,NYM,R,0,0,-,27,55.1,3,0,7,0,57,17,4.07,1.25,0,,,
905,Bryan Shaw,COL,R,0,0,570.1,30,70,4,1,24,0,66,22,3.86,1.3,0,,,
906,Chris Shaw,SF,OF,0,0,681.9,24,173,41,0.237,6,18,21,0,54,0.289,0.405,70,0.694,0
907,Justus Sheffield,NYY,S,0,0,651.2,21,30,1,0,0,1,25,13,5.1,1.47,0,,,
908,Jimmie Sherfy,ARZ,R,0,0,557.1,26,64.2,4,0,12,0,67,24,3.9,1.3,0,,,
909,Ryan Sherriff,STL,R,0,0,-,27,44.2,2,0,7,0,40,15,3.83,1.32,0,,,
910,James Shields,CWS,S,0,0,619.5,36,167.1,8,0,0,10,138,65,5.11,1.44,0,,,
911,Braden Shipley,ARZ,R,0,0,-,25,52.2,1,0,0,2,37,19,5.3,1.48,0,,,
912,Shae Simmons,CHC,R,0,0,710.3,27,38,3,0,7,0,41,16,3.55,1.29,0,,,
913,Lucas Sims,ATL,S,0,0,654,23,105,6,0,3,6,95,41,4.46,1.39,0,,,
914,Eric Skoglund,KC,S,0,0,710.5,25,65,2,0,0,2,51,22,4.85,1.38,0,,,
915,Austin Slater,SF,OF,0,0,666.1,25,206,56,0.272,6,27,26,2,49,0.333,0.413,85,0.746,0
916,Aaron Slegers,MIN,S,0,0,667.7,25,75,4,0,0,5,57,23,4.8,1.36,0,,,
917,Caleb Smith,MIA,R,0,0,648.2,26,68,3,0,4,1,62,26,4.76,1.4,0,,,
918,Carson Smith,BOS,R,1,0,588.1,28,57.1,3,2,15,0,59,20,3.14,1.22,1,,,
919,Joe Smith,HOU,R,0,0,650.5,33,57.1,3,0,13,0,55,17,3.3,1.17,0,,,
920,Will Smith,SF,R,0,0,-,28,41.1,2,0,11,0,49,19,3.7,1.31,0,,,
921,Drew Smyly,CHC,S,0,0,-,28,21,1,0,3,0,23,7,3.86,1.19,0,,,
922,Eric Sogard,MLW,"2B,SS",0,0,620.2,31,200,49,0.245,3,28,16,3,33,0.336,0.345,69,0.681,0
923,Michael Soroka,ATL,S,0,0,620.2,20,43.2,2,0,0,2,36,14,4.33,1.35,0,,,
924,Craig Stammen,SD,R,0,0,675.3,33,73,4,1,9,0,66,24,4.07,1.32,0,,,
925,Ryne Stanek,TB,R,0,0,688.6,26,46.2,3,0,9,0,56,21,3.66,1.29,0,,,
926,Bubba Starling,KC,OF,0,0,565.5,25,111,22,0.198,2,11,9,2,39,0.246,0.306,34,0.552,0
927,Josh Staumont,KC,S,0,0,-,24,40.2,1,0,0,0,43,29,5.53,1.65,0,,,
928,Robert Stephenson,CIN,S,0,0,450,24,139,6,0,0,9,142,67,4.66,1.45,0,,,
929,Christin Stewart,DET,OF,0,0,-,24,262,61,0.233,12,32,33,1,81,0.307,0.428,112,0.735,0
930,Chris Stratton,SF,S,0,0,521.5,27,163,8,0,0,12,135,60,4.2,1.37,0,,,
931,Huston Street,LAA,R,0,0,660.4,34,44.1,2,8,13,0,38,14,4.06,1.22,0,,,
932,Hunter Strickland,SF,R,1,0,616.2,29,63,4,1,16,0,61,18,3.14,1.19,0,,,
933,Albert Suarez,ARZ,S,0,0,-,28,80.2,4,0,0,2,67,24,4.46,1.33,0,,,
934,Jesus Sucre,TB,C,0,0,-,29,147,33,0.225,4,14,14,1,33,0.277,0.347,51,0.624,0
935,Brent Suter,MLW,S,0,0,545.9,28,117,6,0,0,6,89,29,4.62,1.33,0,,,
936,Ichiro Suzuki,MIA,OF,0,0,-,44,208,52,0.25,1,26,14,4,35,0.305,0.313,65,0.618,0
937,Matt Szczur,SD,OF,0,0,685,28,171,42,0.246,3,23,15,3,37,0.316,0.357,61,0.673,0
938,Fernando Tatis Jr.,SD,SS,0,0,638.8,19,80,18,0.225,2,9,8,3,24,0.276,0.363,29,0.639,0
939,Junichi Tazawa,MIA,R,0,0,-,31,59.1,3,1,12,0,57,17,3.94,1.25,0,,,
940,Ruben Tejada,BAL,SS,0,0,-,28,149,36,0.242,1,18,12,0,28,0.305,0.309,46,0.614,0
941,Tomas Telis,MIA,1B,0,0,653,26,242,64,0.265,3,27,25,2,31,0.304,0.364,88,0.668,0
942,Ryan Tepera,TOR,R,0,0,589.8,30,69,4,1,12,0,70,25,3.91,1.28,0,,,
943,Jake Thompson,PHI,S,0,0,692.4,24,57.1,2,0,0,2,42,21,5.18,1.47,0,,,
944,Trayce Thompson,LA,OF,0,0,726,26,225,53,0.236,8,29,26,5,63,0.305,0.409,92,0.714,0
945,Tyler Thornburg,BOS,R,0,0,626.1,29,52.1,2,0,11,0,57,20,3.96,1.26,0,,,
946,Chris Tillman,BAL,S,0,0,673.5,29,155.1,8,0,0,11,121,56,4.69,1.38,0,,,
947,Carlos Tocci,TEX,OF,0,0,-,22,166,39,0.235,1,23,13,3,42,0.277,0.313,52,0.59,0
948,Josh Tomlin,CLE,S,0,0,450.1,33,127.1,7,0,0,7,96,16,4.66,1.23,0,,,
949,Kelby Tomlinson,SF,"2B,3B",0,0,691.9,27,176,46,0.261,1,22,14,7,37,0.335,0.324,57,0.659,0
950,Jose Torres,SD,R,0,0,694,24,35.1,1,0,4,0,35,13,4.33,1.33,0,,,
951,Ramon Torres,KC,2B,0,0,-,25,241,62,0.257,2,29,20,8,39,0.3,0.336,81,0.636,0
952,Ronald Torreyes,NYY,"2B,3B,SS",0,0,493,25,236,65,0.275,3,30,27,3,30,0.312,0.36,85,0.672,0
953,Sam Travis,BOS,1B,0,0,-,24,143,37,0.259,4,19,17,1,35,0.327,0.399,57,0.726,0
954,Jen-Ho Tseng,CHC,S,0,0,660.6,23,47.2,3,0,0,2,38,15,4.34,1.28,0,,,
955,Kyle Tucker,HOU,OF,0,0,546.1,21,84,21,0.25,4,12,13,3,22,0.304,0.464,39,0.768,0
956,Sam Tuivailala,STL,R,0,0,616.7,25,63,3,0,9,0,67,22,3.71,1.25,0,,,
957,Stuart Turner,CIN,C,0,0,693,26,68,14,0.206,1,6,5,0,18,0.28,0.294,20,0.574,0
958,Koji Uehara,CHC,R,0,0,-,42,45,2,1,11,0,51,11,3.4,1.13,0,,,
959,Melvin Upton,CLE,OF,0,0,-,33,174,41,0.236,7,24,21,7,60,0.306,0.414,72,0.72,0
960,Jose Urena,MIA,S,0,0,416.8,26,148.1,7,0,0,10,109,47,4.61,1.38,0,,,
961,Julio Urias,LA,S,0,0,612.4,21,29.2,2,0,1,0,30,13,4.25,1.35,0,,,
962,Luis Urias,SD,2B,0,0,620.1,20,215,57,0.265,3,27,20,2,39,0.326,0.354,76,0.68,0
963,Giovanny Urshela,CLE,3B,0,0,-,26,143,35,0.245,3,15,15,0,26,0.283,0.35,50,0.633,0
964,Chase Utley,LA,2B,0,0,660.3,39,270,66,0.244,7,36,30,2,57,0.322,0.378,102,0.7,0
965,Pat Valaika,COL,"3B,SS",1,0,565.9,25,197,49,0.249,9,25,32,2,62,0.291,0.447,88,0.738,0
966,Jason Vargas,NYM,S,1,1,448.7,35,177.2,10,0,0,14,139,46,4.41,1.27,0,,,
967,Kennys Vargas,MIN,"1B,DH",0,0,-,27,179,44,0.246,9,24,27,0,55,0.313,0.447,80,0.76,0
968,Hector Velazquez,BOS,R,0,0,-,29,58.1,3,0,1,2,44,17,4.63,1.35,0,,,
969,Alex Verdugo,LA,OF,0,0,542.7,21,194,53,0.273,5,25,25,3,31,0.33,0.412,80,0.742,0
970,Thyago Vieira,CWS,R,0,0,699.8,25,37,2,0,2,0,35,17,4.62,1.41,0,,,
971,Christian Villanueva,SD,3B,0,0,678.6,26,206,49,0.238,8,22,25,1,53,0.287,0.413,85,0.7,0
972,Nick Vincent,SEA,R,0,0,659.5,31,62.1,4,0,13,0,59,14,3.75,1.16,0,,,
973,Daniel Vogelbach,SEA,1B,0,0,-,25,129,31,0.24,4,17,15,1,35,0.336,0.38,49,0.716,0
974,Luke Voit,STL,1B,0,0,657.9,27,86,22,0.256,3,11,11,0,21,0.33,0.419,36,0.749,0
975,Edinson Volquez,TEX,S,0,0,665.3,34,26,1,0,0,1,20,11,4.5,1.42,0,,,
976,Austin Voth,WAS,S,0,0,-,25,32.2,1,0,0,1,25,13,4.96,1.44,0,,,
977,Tyler Wade,NYY,2B,0,0,-,23,154,39,0.253,2,23,14,7,36,0.326,0.344,53,0.67,0
978,Adam Warren,NYY,R,0,0,639.8,30,70.1,5,0,8,0,64,20,3.84,1.21,0,,,
979,Tony Watson,SF,R,0,0,658.2,32,63.2,4,2,19,0,55,17,3.53,1.16,0,,,
980,Joey Wendle,TB,2B,0,0,-,27,171,43,0.252,3,19,16,4,35,0.295,0.368,63,0.663,0
981,Jayson Werth,WAS,OF,0,0,693.8,38,265,62,0.234,9,37,31,2,75,0.334,0.389,103,0.723,0
982,Zack Wheeler,NYM,S,0,0,429.5,27,116.2,6,0,0,8,113,49,4.4,1.39,0,,,
983,Mitchell White,LA,S,0,0,683.4,23,32.2,2,0,0,2,30,15,4.41,1.44,0,,,
984,Tyler White,HOU,1B,0,0,-,27,154,38,0.247,6,20,20,1,37,0.32,0.416,64,0.736,0
985,Chase Whitley,ATL,S,0,0,669.4,28,94.1,5,0,5,2,87,25,4.1,1.25,0,,,
986,Aaron Wilkerson,MLW,S,0,0,719,28,86.1,4,0,0,6,70,24,4.69,1.34,0,,,
987,Trevor Williams,PIT,S,0,0,457.9,25,158,9,0,0,11,120,49,4.33,1.37,0,,,
988,Alex Wilson,DET,R,0,0,677.6,31,68.2,3,3,14,0,50,16,4.19,1.3,0,,,
989,Justin Wilson,CHC,R,0,0,585.8,30,56.2,3,1,19,0,64,21,3.34,1.2,0,,,
990,Dan Winkler,ATL,R,0,0,651.4,28,48,3,0,8,0,55,18,3.56,1.23,0,,,
991,Matt Wisler,ATL,S,0,0,-,25,76,3,0,2,2,62,21,4.74,1.34,0,,,
992,Nick Wittgren,MIA,R,0,0,-,26,69,4,1,10,0,63,15,3.78,1.19,0,,,
993,Tony Wolters,COL,C,0,0,598,25,178,42,0.236,2,22,16,1,47,0.328,0.326,58,0.654,0
994,Blake Wood,LAA,R,0,0,657,32,69,3,0,9,0,71,30,3.91,1.36,0,,,
995,Brandon Woodruff,MLW,S,0,0,377.1,25,110.2,6,0,1,7,98,38,4.64,1.36,0,,,
996,Brandon Workman,BOS,R,0,0,-,29,53.2,3,0,8,0,52,15,3.69,1.23,0,,,
997,David Wright,NYM,3B,0,0,-,35,137,34,0.248,4,19,15,0,39,0.346,0.38,52,0.726,0
998,Ryan Yarbrough,TB,S,0,0,691.2,26,57,3,0,0,3,44,17,4.26,1.32,0,,,
999,Kirby Yates,SD,R,0,0,460.8,30,59,3,1,16,0,80,23,3.66,1.2,0,,,
1000,Rob Zastryzny,CHC,R,0,0,-,25,35,1,0,4,0,34,13,3.86,1.31,0,,,
1001,Kyle Zimmer,KC,S,0,0,586,26,28.2,1,0,0,0,29,13,4.4,1.4,0,,,
1002,Jordan Zimmermann,DET,S,0,0,601.1,31,167,7,0,0,11,121,40,4.96,1.35,0,,,
1003,Tony Zych,SEA,R,0,0,715,27,52.1,3,0,11,0,53,19,3.44,1.24,0,,,